study_title,year,population,sample_size,sepsis_type,biomarker,outcome,main_finding,odds_ratio,auc,p_value,source_quote,chunk_id
Comparison of Pediatric Sequential Organ Failure Assessment and Pediatric Risk of Mortality III Score as Mortality Prediction in Pediatric Intensive Care Unit,2022,critically ill children,286,,,mortality within 30 days,The p-SOFA and PRISM scores were significantly greater in children who did not survive than survivors.,,,,The 30-day mortality was estimated as 57%.,0
Baloch_2022,,critically ill children,,,,30-day mortality,The p-SOFA score is a good predictor for 30-day mortality in critically ill children and had better accuracy than the PRISM III 24 score.,,0.81,0.001,the p-SOFA score is a good predictor for 30-day mortality in critically ill children and had better accuracy than the PRISM III 24 score.,1
Comparison of Pediatric Sequential Organ Failure Assessment and Pediatric Risk of Mortality III Score as Mortality Prediction in Pediatric Intensive Care Unit,2022,critically ill children,,,,mortality prediction,The aim of our study was to assess and compare the diagnostic accuracy of the PRISM III and the p-SOFA for the prediction of mortality in critically ill children.,,,,the aim of our study was to assess and compare the diagnostic accuracy of the PRISM III and the p-SOFA for the prediction of mortality in critically ill children.,2
Baloch_2022,,critically ill children aged one month to 15 years,286,,,mortality within 30 days,p-SOFA score of higher than 2 and PRISM III score of higher than 8 are predictors of mortality.,,,,A score of higher than 8 on the PRISM III 24 was deemed a predictor of mortality.,3
Baloch_2022,2022,children,286,,"p-SOFA score, PRISM III 24 score",30-day mortality,The 30-day mortality was estimated as 57%.,,,0.001*,The 30-day mortality was estimated as 57%.,4
Baloch_2022,2022,children,,,p-SOFA,30-day mortality,The maximal p-SOFA exhibited good discrimination for 30-day mortality with an AUC of 0.81.,,0.81,0.0001,the maximal p-SOFA exhibited good discrimination for 30-day mortality.,5
Baloch_2022,2022,critically ill patients,286,,p-SOFA score,30-day mortality,"The p-SOFA score was positively associated with the PRISM III 24 score (r=0.712, p=0.001).",,,0.001,"We observed that the p-SOFA score was positively associated with the PRISM III 24 score (r=0.712, p=0.001).",6
Baloch_2022,,critically ill children,286,,,30-day mortality,The validity of the PRISM III 24 score and the p-SOFA score for predicting 30-day death was evaluated.,,,,we evaluated the validity of the PRISM III 24 score and the p-SOFA score for predicting 30-day death in 286 critically ill children admitted to the PICU,7
Baloch_2022,,PICU children,,,p-SOFA and PRISM III 24 scores,death within 30 days,p-SOFA and PRISM III 24 scores at the time of admission to the PICU were found to be good predictors of death within 30 days.,,0.81,0.513,the AUC value of 0.81 for the prediction of 30-day mortality was good for the p-SOFA score.,8
Baloch et al. Cureus 14(1): e21055,2022,PICU children with severe illness,,,p-SOFA,30-day mortality,p-SOFA (>2) had a greater sensitivity than PRISM III 24 (>8) for predicting 30-day mortality.,,0.84,,p-SOFA (>2) had a greater sensitivity than PRISM III 24 (>8) (94% vs. 56%),9
Baloch_2022,,critically ill children,relatively small,,p-SOFA,30-day mortality,the p-SOFA score is a good predictor for 30-day mortality in critically ill children with better accuracy than the PRISM III 24 score,,,,p-SOFA and PRISM III 24 both have proven to be valuable in objective prediction in these patients.,10
Baloch_2022,,,,,,,,,,,,11
Baloch et al.,,,,,,,,,,,,12
Mortality risk prediction by application of pediatric risk of mortality scoring system in the pediatric intensive care unit,2013,,,,,,,,,,Mortality risk prediction by application of pediatric risk of mortality scoring system in the pediatric intensive care unit.,13
Comparison of Pediatric Sequential Organ Failure Assessment and Pediatric Risk of Mortality III Score as Mortality Prediction in Pediatric Intensive Care Unit,2022,critically ill children,286,,,mortality within 30 days,The p-SOFA and PRISM scores were significantly greater in children who did not survive than survivors.,,,,The 30-day mortality was estimated as 57%.,0
Baloch_2022_clean,,critically ill children,,,p-SOFA score,30-day mortality,The p-SOFA score is a good predictor for 30-day mortality in critically ill children and had better accuracy than the PRISM III 24 score.,,0.81,0.001,the p-SOFA score is a good predictor for 30-day mortality in critically ill children and had better accuracy than the PRISM III 24 score,1
Comparison of Pediatric Sequential Organ Failure Assessment and Pediatric Risk of Mortality III Score as Mortality Prediction in Pediatric Intensive Care Unit,2022,critically ill children,,,,mortality prediction,The aim of our study was to assess and compare the diagnostic accuracy of the PRISM III and the p-SOFA for the prediction of mortality in critically ill children.,,,,the aim of our study was to assess and compare the diagnostic accuracy of the PRISM III and the p-SOFA for the prediction of mortality in critically ill children.,2
Baloch_2022_clean,,critically ill children aged one month to 15 years,286,,"p-SOFA score, PRISM III score",30-day mortality,p-SOFA score of higher than 2 and PRISM III score of higher than 8 are predictors of mortality,,,,p-SOFA score of higher than 2 is considered as a predictor of mortality.,3
Baloch_2022_clean,2022,children,286,,p-SOFA score,30-day mortality,Children who did not survive had a significantly higher p-SOFA score than survivors.,,,0.0001,We found that children who did not survive had a significantly higher p-SOFA score than survivors (8 [range: 1-20] vs 4 [range: 0-14]; p=0.0001; Table 1).,4
Baloch et al. Cureus 14(1): e21055,2022,children,,,p-SOFA,30-day mortality,The maximal p-SOFA exhibited good discrimination for 30-day mortality.,,0.81 (0.76-0.86),0.0001,the maximal p-SOFA exhibited good discrimination for 30-day mortality.,5
Baloch_2022_clean,2022,Pediatric Intensive Care Unit patients,286,,p-SOFA score,30-day mortality,The p-SOFA score was positively associated with the PRISM III 24 score.,,,0.001,"we observed that the p-SOFA score was positively associated with the PRISM III 24 score (r=0.712, p=0.001)",6
Baloch_2022_clean,,critically ill children admitted to the PICU,286,,,30-day death,The validity of the PRISM III 24 score and the p-SOFA score for predicting 30-day death was evaluated in critically ill children admitted to the PICU.,,,,we evaluated the validity of the PRISM III 24 score and the p- SOFA score for predicting 30-day death in 286 critically ill children admitted to the PICU,7
Baloch et al. Cureus 14(1): e21055,2022,PICU children,75,,"p-SOFA, PRISM III 24",30-day mortality,p-SOFA and PRISM III 24 scores at the time of admission to the PICU were found to be good predictors of death within 30 days.,,0.81,0.513,the AUC value of 0.81 for the prediction of 30-day mortality was good for the p-SOFA score.,8
Baloch_2022_clean,,critically ill children in PICU,,,p-SOFA,30-day mortality,p-SOFA was a better predictor of 30-day death among critically ill children than PRISM III,,,,p-SOFA was a better predictor of 30-day death among critically ill children than PRISM III in our study,9
Baloch_2022_clean,,critically ill children,,,,30-day mortality,the p-SOFA score is a good predictor for 30-day mortality in critically ill children with better accuracy than the PRISM III 24 score,,,,the p-SOFA score is a good predictor for 30-day mortality in critically ill children with better accuracy than the PRISM III 24 score,10
Baloch_2022_clean,,,,,,,,,,,,11
Baloch_2022_clean,,,,,,,,,,,Assessment of pSOFA-L score in predicting,12
Baloch et al.,2022,critically ill children,,,,,,,,,2022 Baloch et al. Cureus 14(1): e21055. DOI 10.7759/ cureus.21055,13
Sepsis‑3 definitions predict ICU mortality in a low–middle‑income country,2016,patients admitted to the ICU with sepsis,957,Sepsis-3,lactate,ICU mortality,The ICU mortality rate was progressively higher across categories of sepsis as defined by the Sepsis-3 consensus.,,,< 0.001,The ICU mortality rate was progressively higher across categories of sepsis as defined by the Sepsis-3 consensus: infection with no organ dysfunction—7/103 (7%); sepsis—106/419 (25%); and septic shock—198/435 (46%) (P < 0.001).,0
Besen_2016,2016,Brazilian ICU patients,252,sepsis and septic shock,lactate,ICU mortality,The new Sepsis-3 definitions were accurate in stratifying mortality and were superior to the previous definitions.,,,P < 0.001,the new Sepsis-3 definitions were accurate in stratifying mortality and were superior to the previous definitions.,1
Besen et al. Ann. Intensive Care (2016),2016,,,severe sepsis and septic shock,lactate,mortality,"New sepsis definitions (Sepsis-3) have been developed and published, derived through a data-driven mortality risk stratification.",,,,the panel recognized several factors that could be used to identify patients with severe sepsis and associated with increased mortality,2
Besen_2016,,patients diagnosed with sepsis admitted to an ICU,,,lactate,ICU mortality discrimination,The study evaluated whether the new Sepsis-3 definitions maintain their accuracy and whether the addition of lactate improves accuracy.,,,,"""We also evaluated whether the addition of lactate to the definitions would improve upon the previous and new criteria’s accuracy of ICU mortality discrimination.""",3
Besen_2016,,,,"sepsis, severe sepsis, septic shock",,,,,,,"Patients were selected using sepsis, severe sepsis or septic shock as an [All field] search term in the syndromic diagnosis fields of the database.",4
Besen_2016,,infected patients,,sepsis and septic shock,lactate,ICU mortality,lactate is associated with outcome regardless of definition,,,,the primary outcome of interest was ICU mortality,5
Besen_2016,,,,,lactate,ICU mortality,The effect of adding lactate on model performance was assessed through area under receiver operating characteristic curve (AUROC).,,,,The effect of adding lactate (as a continuous variable or stratified at ≤2 or >2 mEq/L or at ≤4 or >4 mEq/L) on model performance was assessed through area under receiver operating characteristic curve (AUROC).,6
Besen_2016,2016,ICU patients,957,,,ICU mortality,"ICU mortality was 32%. Non-survivors had higher mean age, severity at admission, more organ dysfunctions, and higher worst lactate values.",,,<0.001,ICU mortality was 32%.,7
Besen_2016,,,,Sepsis-3 classification,,mortality,"show clear stratification of mortality among the three categories (no-dysfunction, sepsis and septic shock)",,,,"show clear stratification of mortality among the three categories (no-dysfunction, sepsis and septic shock)",8
Besen_2016,,ICU patients,957,severe sepsis and septic shock,lactate,ICU mortality,Lactate levels >4 mmol/L clearly marked increased mortality in both the severe sepsis and septic shock categories of Sepsis-2 and in the no-dysfunction and septic shock categories of Sepsis-3.,,,,Lactate levels >4 mmol/L clearly marked increased mortality in both the severe sepsis and septic shock categories of Sepsis-2 and in the no-dysfunction and septic shock categories of Sepsis-3.,9
Besen_2016,2016,,103,Sepsis-2 and Sepsis-3,lactate,ICU mortality,The accuracy significantly improved with the addition of lactate to the model.,,,P < 0.001,"""The accuracy significantly improved with the addition of lactate to the model.""",10
Besen_2016,,,,"Sepsis, Severe sepsis, Septic shock",Lactate,ICU death,Lactate levels are associated with increased odds of ICU death in sepsis and septic shock.,3.70 (1.75–9.12) for Sepsis; 6.21 (2.94–15.27) for Septic shock,,<0.001 for Sepsis; <0.001 for Septic shock,"""Lactate 3.70 (1.75–9.12) 0.002; Septic shock 6.21 (2.94–15.27) <0.001""",11
Besen et al. Ann. Intensive Care (2016),2016,septic patients admitted in a strained ICU of a developing country,,Sepsis-3 and Sepsis-2,lactate level,mortality prediction accuracy,Sepsis-3 is better than Sepsis-2 at stratifying mortality among septic patients.,,0.732 (0.698–0.766),<0.001,we demonstrate that Sepsis-3 is better than Sepsis-2 at stratifying mortality among septic patients,12
Besen_2016,,,,septic shock,lactate,mortality,High lactate levels were associated with higher mortality in septic patients.,,,,high lactate levels were associated with higher mortality at different cutoffs regardless of hypotension or vasopressors,13
Besen_2016,2016,,,,lactate,mortality,High lactate levels in patients without organ dysfunction categorize a population at higher risk of death.,,0.686 (0.653–0.719),<0.001,"""lactate levels higher than 4 mmol/L seem to categorize a population at higher risk of death""",14
Besen_2016,,patients admitted to ICU,,,lactate,ICU mortality,better discriminative performance of Sepsis-3 in predicting ICU mortality,,,,our study clearly shows a better discriminative performance of Sepsis-3 in predicting ICU mortality,15
Besen_2016,,infected patients admitted to a strained ICU in a middle-income country,,Sepsis-3,serum lactate,mortality,The new clinical criteria of sepsis proposed by the third international consensus (Sepsis-3) could predict mortality in infected patients admitted to a strained ICU.,,,,the new clinical criteria of sepsis proposed by the third international consensus (Sepsis-3) could predict mortality in infected patients admitted to a strained ICU in a middle-income country.,16
Besen_2016,,,,,Lactate,Mortality,Lactate levels are associated with mortality according to sepsis categories.,,,P < 0.001 among the three sepsis categories,Kruskal-Wallis’ test P < 0.001 among the three sepsis categories.,17
Besen_2016,2016,,,,,,,,,,,18
Besen_2016,2016,,,,,,,,,,,19
Besen_2016,,,,,,,,,,,,20
Differences in sepsis treatment and outcomes between public and private hospitals in Brazil: a multicenter observational study,2013,patients in public and private hospitals in Brazil,,,,,,,,,Differences in sepsis treatment and outcomes between public and private hospitals in Brazil: a multicenter observational study.,21
Bidart_2024,2024,adult patients with suspicion of sepsis,,,quick sofa (qSOFA),mortality,The study aims to establish whether quick sofa (qSOFA) and the severity criteria are predictors of mortality in patients with suspicion of sepsis.,,,,This study aims to establish whether quick sofa (qSOFA) and the severity criteria applied in patients with suspicion of sepsis... are in fact predictors of mortality.,0
Mortality predictors in patients with suspected sepsis in the emergency department of a tertiary care hospital: a retrospective cohort study,2024,adult patients (ages 18 and over) with suspected sepsis,665,suspected sepsis,,30-day mortality,"Neither scores of qSOFA nor the severity criteria were associated with mortality rates, but scoring any point on qSOFA was considered as an independent factor for ICU admission.",,,0.02; 0.03; 0.04,"Even though an association was found between qSOFA and ICU admission, there was no association of qSOFA or the severity criteria with mortality.",1
Bidart_2024,2024,patients with suspicion of sepsis,,,,mortality,qSOFA scores have high specificity but low sensitivity for prediction in hospital mortality in patients with sepsis or suspicion of sepsis outside the intensive care unit.,,,,"""patients with suspicion of sepsis presenting qSOFA ≥ 2 at triage are expected to represent a population of higher risk of mortality""",2
Bidart_2024,,adult patients with suspicion of sepsis,,,qSOFA,mortality,qSOFA and the severity criteria are predictors of mortality in patients with suspicion of sepsis in the ED.,,,,The objective of this study is to establish whether qSOFA and the severity criteria applied in patients with suspicion of sepsis in a monitored ED are in fact predictors of mortality.,3
Bidart_2024,2024,,,suspected sepsis,,overall mortality and 30-day mortality,,,,,the primary outcome was overall mortality and 30-day mortality,4
Bidart_2024,,,217,,,"30-day mortality, ICU admission, length of stay in hospital, overall mortality",,,,0.05,"Considering that mortality in sepsis in this hospital is around 17% and using a sample power of 90% with a significance level of 0.05, The estimated minimum sample size was 217 patients.",5
Bidart_2024,2024,Patients admitted and assessed for infection at the ED triage,"1,556",suspected sepsis,,mortality,"Most patients presented qSOFA ≥ 2 at admission, representing a group of patients with high scores and with a tendency towards higher mortality.",,,,"Most patients presented qSOFA ≥ 2 at admission, representing a group of patients with high scores and with a tendency towards higher mortality.",6
Bidart_2024,,patients with suspicion of sepsis,665,,lactate,30-day mortality,Positive blood cultures and administration of vasopressors in the ED are independent factors of 30-day mortality.,,,,"Positive blood cultures (RR, 1.63;95% CI, 1.10 to 2.41) and administration of vasopressors in the ED (RR, 2.14;95% CI, 1.44 to 3.17) featured as independent factors of 30-day mortality in the multivar",7
Bidart_2024,,patients with suspicion of sepsis admitted in the ED,,,,overall mortality,Administration of vasopressors at the ED was the only variable that was considered an independent risk factor in the non-survival group in the multivariate analysis.,2.25,,0.02,"""Administration of vasopressors at the ED (RR, 2.25; CI 95%, 1.58 to 3.21) was the only variable that was considered an independent risk factor in the non-survival group in the multivariate analysis.""",8
Bidart_2024,2024,Patients with suspicion of sepsis,665,,,30-day mortality,No statistical significance was found concerning survival rates in relation to antibiotic administration intervals.,,,0.21,no statistical significance was found concerning survival rates (p = 0.21),9
Bidart_2024,2024,patients with suspicion of sepsis in the ED triage,660,,qSOFA,mortality prediction,qSOFA and the severity criteria should not be recommended as tools to predict mortality in patients with suspicion of sepsis in the ED triage.,,0.58,,the present study has shown that qSOFA and the severity criteria should not be recommended as tools to predict mortality in patients with suspicion of sepsis in the ED triage.,10
Bidart_2024,,,,,,30-day mortality,Positive blood cultures are associated with increased risk of 30-day mortality.,2.07(1.40–3.06),,< 0.001,"""Positive blood cultures (No. [%]) 27 (23.89) 70 (12.68) 2.07(1.40–3.06) < 0.001""",11
Bidart_2024,2024,patients in a private hospital in Brazil,131,,qSOFA,30-day mortality,qSOFA was superior compared to systemic inflammatory response syndrome (SIRS) in predicting 30-day mortality,,,,"""qSOFA was superior compared to systemic inflammatory response syndrome (SIRS) in predicting 30-day mortality""",12
Bidart_2024,,older patients,,suspected sepsis,positive blood cultures,30-day mortality,Positive blood cultures emerged as a significant risk factor for 30-day mortality.,,,0.02,"Positive blood cultures emerged as a significant risk factor for 30-day mortality (RR, 1.63; CI 95%, 1.10–2.41; p = 0.02)",13
Bidart_2024,2024,,,,,ICU Admission,Vasopressor at ED is associated with increased risk of ICU admission.,2.59(2.32–2.89),,< 0.001,"""Vasopressor at ED 2.59(2.32–2.89) < 0.001""",14
Bidart_2024,,,,,,"30-day mortality, length of stay in hospital, ICU admission, overall mortality",The study evaluates the performance of screening tools (qSOFA and severity criteria) in the ED for predicting adverse outcomes in septic patients.,,,,this paper presents an opportunity to test a new tool in the ED to predict adverse outcomes in septic patients at early stages of the condition.,15
Bidart_2024,,,,,qSOFA,ICU admission,We found an association between higher qSOFA scores and ICU admission.,,,,we found an association between higher qSOFA scores and ICU admission.,16
Mortality predictors in patients with suspected sepsis in the emergency department of a tertiary care hospital: a retrospective cohort study,2024,,,,,,,,,,"This study: “Mortality predictors in patients with suspected sepsis in the emergency department of a tertiary care hospital: a retrospective cohort study” was submitted, reviewed and approved by the Ethics Committee of the Hospital Moinhos de Vento de Porto Alegre",17
Bidart_2024,,,,,,,,,,,,18
"Prognostic value of quickSOFA as a predictor of 28-day mortality among febrile adult patients presenting to emergency departments in Dar Es Salaam, Tanzania",,febrile adult patients,,,quickSOFA,28-day mortality,quickSOFA is a predictor of 28-day mortality,,,,"Prognostic value of quickSOFA as a predictor of 28-day mortality among febrile adult patients presenting to emergency departments in Dar Es Salaam, Tanzania.",19
Performance of a quick sofa-65 score as a rapid sepsis screening tool during initial emergency department assessment: a propensity score matching study,2020,,,,,,,,,,Performance of a quick sofa-65 score as a rapid sepsis screening tool during initial emergency department assessment: a propensity score matching study.,20
"Epidemiology and Mortality of Sepsis in Intensive Care Units in Prefecture-Level Cities in Sichuan, China: A Prospective Multicenter Study",2021,"Patients admitted to the ICU of 7 tertiary hospitals in Sichuan, China",1604,Sepsis and septic shock,"Lowest blood phosphorus level, highest lactate level",Mortality,169 (57.5%) died among patients with sepsis,"2.59, 2.56, 1.20, 1.08",,"0.022, 0.014, <0.001, 0.002","""Of the 1604 patients screened for sepsis, 294 (18.3%) had sepsis, and 140 (47.6%) had septic shock. Of these, 169 (57.5%) died.""",0
Cao_2021,2021,patients with sepsis,,,,mortality,"The APACHE- II score on day 1 after diagnosis, acute central nervous system dysfunction, lowest blood phosphorus, high serum lactate, and lung infection were independent risk factors of mortality in patients with sepsis.",2.57,,0.007,"OR=2.57, 95% CI: 1.30-5.09, P=0.007) were independently associated with mortality in patients with sepsis.",1
Cao_2021,,patients in surgical ICUs in mainland China,,sepsis,,in-hospital mortality rate,the in-hospital mortality rate was 48.7%,,,,the in-hospital mortality rate was 48.7%,2
Cao_2021,,"ICU patients in Sichuan Province, China",,septic shock and no septic shock,,mortality analysis,The results reflect the sepsis epidemiology in areas of China with an underdeveloped economy and scarce medical resources.,,,,This study aimed to investigate the epidemiology of sepsis in ICU patients in the prefecture-level cities of Sichuan Province.,3
Epidemiology of sepsis in Sichuan,2021,,,,,,,,,,The study was approved by the ethics committees of all other participating hospitals under the same conditions.,4
Cao_2021,,patients with sepsis,2018,,,mortality during hospitalization,,,,<0.05,A total of 2018 patients were admitted to the 7 ICUs.,5
Cao_2021,,ICU patients,1604,sepsis,,prevalence of sepsis,The prevalence of sepsis in ICU patients was 18.3% (294/1604),,,,the prevalence of sepsis in ICU patients was 18.3% (294/1604),6
Epidemiology of sepsis in Sichuan,2021,All patients,294,Septic shock,,Survival and Death,The study presents characteristics of patients with septic shock and non-septic shock in ICUs.,,,,All patients (n=294) Non-septic shock Septic shock Survival (n=74) Death (n=80) P Survival (n=51) Death (n=89) P,7
Epidemiology of sepsis in Sichuan,2021,,,,,,,,,,"higher than those in the non-septic shock group (lung: 74.4% vs 57.5%, P=0.017; abdomen: 57.1% vs 36.6%, P=0.04)",8
Cao_2021,,patients with sepsis,294,sepsis,"serum phosphorus, serum lactate",mortality,The lowest level of serum phosphorus and the highest level of serum lactate were higher in the death group than in the survival group.,,,<0.001,"The lowest level of serum phosphorus was higher in the death group than in the survival group (0.90 [0.58-1.36] vs 0.69 [0.49-0.90], P<0.001). The highest level of serum lactate was higher in the death group than in the survival group (6.5 [3.2-10.1] vs 3.3 [2.1-4.7], P<0.001).",9
Epidemiology of sepsis in Sichuan,2021,Patients with sepsis,294,Septic shock and Non-septic shock,,Overall mortality due to sepsis and septic shock,The overall mortality due to sepsis and septic shock in the ICU during the observation period was 57.5%.,,,,the overall mortality due to sepsis and septic shock in the ICU during the observation period was 57.5%.,10
Cao_2021,,Patients with septic shock and non-septic shock,294,Septic shock,"LAC maximum, mmol/L",Mortality,LAC levels were significantly higher in patients who died compared to those who survived.,,,<0.001,"""LAC maximum, mmol/L, median (Q1, Q3) 4.3 (2.6-7.5)c 3.3 (2.1-4.7)b 6.5 (3.2-10.1)a <0.001""",11
Epidemiology of sepsis in Sichuan,2021,patients with sepsis,,,,mortality,"central nervous system dysfunction, lowest blood phosphorus, highest lactate, 24-h APACHE-II score, and lung infection were independently associated with mortality in patients with sepsis","2.59, 2.56, 1.20, 1.08, 2.57",,"0.022, 0.014, <0.001, 0.002, 0.007","""central nervous system dysfunction (odds ratio [OR]=2.59, 95% confidence interval [CI]: 1.15-5.84, P=0.022), lowest blood phosphorus (OR=2.56, 95% CI: 1.21-5.44 P=0.014), highest lactate (OR=1.20, 95% CI: 1.10-1.32, P<0.001), 24-h APACHE-II score (1.08, 95% CI: 1.03-1.13, P=0.002), and lung infection (OR=2.57, 95% CI: 1.30-5.09, P=0.007) were independently associated with mortality in patients with sepsis""",12
Cao_2021,,ICU patients with sepsis,294,,"acute central nervous system dysfunction, lowest blood phosphorus, highest lactate, 24-h APACHE-II, lung infection",mortality,Mortality rate of sepsis in the ICU was 57.5%.,,,,The mortality rate of sepsis in the ICU was 57.5%.,13
Epidemiology of sepsis in Sichuan,2021,ICU patients,,severe sepsis,blood phosphorus,,"The prevalence of sepsis among ICU patients in this study was similar to that in ICUs in tertiary hospitals in Thailand, higher than that in ICUs in Italy, Germany, and France, but lower than that in 28 ICUs in Europe, adult ICUs in Brazil, and 22 ICUs in mainland China.",,,,the prevalence of sepsis among ICU patients in this study was similar to that in ICUs in tertiary hospitals in Thailand,14
Cao_2021,,ICU patients in mainland China,22 ICUs,sepsis,,prevalence and mortality rate,"The prevalence of sepsis in 22 ICUs in mainland China was found to be 37.3%, with a high mortality rate associated with high APACHE-II scores.",,,,The Clinical Research Group of Critical Disease Medicine in China studied the prevalence of sepsis in 22 ICUs in mainland China and found the prevalence to be 37.3%.,15
Epidemiology of sepsis in Sichuan,2021,"severe sepsis patients in Sichuan Province, China",,severe sepsis,,mortality rate,The in-hospital mortality rate of severe sepsis patients in China is 33.5-48.7%.,4.18 (2.234-7.822),,<0.001,The in-hospital mortality rate of severe sepsis patients in China is 33.5-48.7%.,16
Cao_2021,,,,,,,"The most common sites of infection were found to be the lungs and abdomen, with Klebsiella pneumoniae and Escherichia coli as the main pathogens.",,,,the most common sites of infection were found to be the lungs and abdomen,17
Cao_2021,,sepsis patients in ICUs of Grade A level III hospitals in prefecture-level cities in Sichuan,,,,death of patients with sepsis,"The APACHE-II score on the first day after diagnosis, acute organ dysfunction involving the central nervous system, lowest blood P, high serum lactate, and lung infection were independent risk factors associated with death of patients with sepsis.",,,,"The APACHE-II score on the first day after diagnosis, acute organ dysfunction involving the central nervous system, lowest blood P, high serum lactate, and lung infection were independent risk factors associated with death of patients with sepsis.",18
"The Italian SEPSIS study: Preliminary results on the incidence and evolution of SIRS, sepsis, severe sepsis and septic shock",,,,,,,,,,,"The Italian SEPSIS study: Preliminary results on the incidence and evolution of SIRS, sepsis, severe sepsis and septic shock.",19
Epidemiology of sepsis in Sichuan,2021,,,,,,,,,,"Cao L. et al: Epidemiology of sepsis in Sichuan © Med Sci Monit, 2021; 27: e932227",20
Epidemiology of sepsis in Sichuan,2021,,,,,,,,,,Cao L. et al: Epidemiology of sepsis in Sichuan,21
Association between serum phosphate and mortality in critically ill patients: a large retrospective cohort study,2021,critically ill patients,"27,131",,serum phosphate,mortality,This research aims to explore the impact of serum phosphate on the mortality of critically ill patients.,,,,This research aims to explore the impact of serum phosphate on the mortality of critically ill patients.,0
Chen_2021,,patients admitted to the medical ICU,,,serum phosphate,28-day or 90-day mortality,hyperphosphataemia was associated with increased 28-day or 90-day mortality at the medical ICU,,,0.0017; 0.0067,"hyperphosphataemia was associated with increased 28-­day or 90-­day mortality (HR=0.64, 95% CI 0.48 to 0.84, p=0.0017; HR=0.72, 95% CI 0.57 to 0.91, p=0.0067, respectively)",1
BMJ Open 2021;11:e044473,2021,,,,serum phosphate levels,,,,,,A large sample size facilitated a robust modelling approach.,2
Chen_2021,,ICU patients,,,serum phosphate levels,mortality or morbidity,Hyperphosphataemia was an independent risk factor for mortality or morbidity; hypophosphataemia had mixed evidence regarding its association with mortality or morbidity.,,,,"""hyperphosphataemia was an independent risk factor for mortality or morbidity""",3
Chen_2021,,ICU patients,"61,532",,serum phosphate,28-day mortality and 90-day mortality,abnormalities of serum phosphate when patients enter the ICU had an adverse effect on the mortality of ICU patients,,,,the abnormalities of serum phosphate when patients enter the ICU had an adverse effect on the mortality of ICU patients,4
Chen_2021,2021,patients admitted to ICU,27131,,serum phosphate,,,,,,"Finally, the total number of 27 131 patients were included",5
Chen_2021,,,,,,all-cause 28-day mortality after ICU admission; all-cause 90-day mortality after ICU admission; all-cause mortality during ICU stay; length of ICU stay,,,,,Outcome variables We extracted the following outcomes variables: (1) all-­cause 28-­day mortality after ICU admission; (2) all-­ cause 90-­day mortality after ICU admission; (3) all-­cause mortality during ICU stay; (4) length of ICU stay.,6
Chen_2021,2021,,,,serum phosphate,all-cause 28 or 90-day mortality after ICU admission,,,,,Kaplan-­Meier survival analysis for the cumulative rate of all-­cause 28 or 90-­day mortality after ICU admission was used to compare the death distributions of patients among six groups of serum phosphate at admission.,7
Chen_2021,,patients with varying serum phosphate levels,27131,,serum phosphate level,survival situation of the patient,"Patients with hyperphosphataemia had higher SOFA score, SAPS II, OASIS score on ICU admission.",,,<0.05,"the patients of G6 (hyperphosphataemia group) had higher SOFA score, SAPS II, OASIS score on ICU admission",8
Chen_2021,,ICU patients,3776,,serum phosphate,28-day ICU mortality,Patients of G5 and G6 had increased 28-day ICU mortality compared to patients of G2.,,,<0.0001,"""Compared with patients of G2, patients of G5 and G6 had increased 28-day ICU mortality with a HR (G5: HR=1.32, 95% CI 1.16 to 1.50, p<0.0001; G6: HR=2.20, 95% CI 1.97 to 2.45, p<0.0001, respectively)""",9
Chen_2021,,,,,serum phosphate,28-day ICU mortality,G4 had a beneficial effect on the 28-day ICU mortality,,,0.0243,"the G4 had a beneficial effect on the 28-­day ICU mortality (HR=0.87, 95% CI 0.77 to 0.98, p=0.0243, adjusted by model 2)",10
BMJ Open 2021;11:e044473,2021,Patients on ICU admission,"27,131",,,,,,,,Baseline characteristics of patients on ICU admission (n=27 131),11
Chen_2021,2021,,,,,,,,,,Characteristics All G1 G2 G3 G4 G5 G6,12
Chen_2021,,,,,,,,,,p<0.05,Statistical significance (p<0.05),13
Chen_2021,2021,general critically ill patients,,,serum phosphate,28-day ICU mortality,G4 had a beneficial effect on the 28-day ICU mortality for female patients,,,0.0244,"we found that the G4 had a beneficial effect on the 28-day ICU mortality for female (HR=0.82, 95% CI 0.68 to 0.97, p=0.0244, adjusted by model 2)",14
Chen_2021,,ICU patients,2730,,hypophosphataemia,28-day ICU mortality,Higher ICU mortality of patients with hypophosphataemia (12% vs 7%) but not an independent risk factor for ICU mortality.,0.86,,,"""the incidence of hypophosphataemia was not an independent risk factor for ICU mortality (OR=0.86, 95% CI 0.66 to 1.10, adjusted)""",15
BMJ Open 2021,2021,general critically ill patients,,,serum phosphate,28 or 90-day mortality,hypophosphataemia and hyperphosphataemia at ICU admission were not the independent risk factors of 28 or 90-day mortality,,,,hypophosphataemia and hyperphosphataemia at ICU admission were not the independent risk factors of 28 or 90-day mortality for general critically ill patients.,16
Chen_2021,,critically ill patients,,,serum phosphate,"28-day ICU mortality, 90-day ICU mortality",very-high-normal phosphate (G5) was associated with 28 or 90-day mortality,,,p<0.0001,we found that very-high-normal phosphate (G5) was also associated with 28 or 90-day mortality in critically ill patients,17
BMJ Open 2021;11:e044473,2021,,,,phosphate levels,28-day mortality,Higher phosphate levels are associated with increased mortality risk.,2.50 (2.25 to 2.79),,<0.0001,2.50 (2.25 to 2.79) <0.0001,18
Chen_2021,2021,,,,,28-day mortality after ICU admission,"In the CCU department, the hazard ratio for 28-day mortality after ICU admission was 1.44 with a p-value of 0.0408.",,,0.0408,1.44 (1.02 to 2.05) 0.0408,19
Chen_2021,,,,,G6,,G6 is significantly associated with sepsis outcomes.,3.36 (2.48 to 4.55),,<0.0001,"""G6 3.36 (2.48 to 4.55) <0.0001""",20
BMJ Open,2021,,,,hyperphosphataemia (G6),,hyperphosphataemia (G6) at ICU admission were not the in,,,,hyperphosphataemia (G6) at ICU admission were not the in,21
Chen_2021,,critically ill patients admitted to the ICU,,,phosphate,28 or 90-day mortality,High-normal phosphate (G4) was the independent protection factor of 28-day ICU mortality; hyperphosphataemia was an independent risk factor of 28 or 90-day mortality at the MICU.,35% or 25% increase in risk after MICU admission,,,"""high-normal phosphate (G4) was the independent protection factor of 28-day ICU mortality""",22
Chen_2021,,critically ill patients in SICU or TSICU,large ICU sample size,,hyperphosphataemia,hospital mortality,hyperphosphataemia was an independent risk factor for mortality in certain ICU departments,,,0.0164,hyperphosphataemia was an independent risk factor for mortality in certain ICU departments,23
Chen_2021,2021,ICU patients,,,serum phosphate,28 or 90-day mortality,hyperphosphataemia was an independent risk factor,,,p<0.05,hyperphosphataemia was an independent risk factor of 28 or 90-day mortality,24
Chen_2021,,general critically ill patients,,,serum phosphate,28 or 90-day mortality,"Hypophosphataemia and hyperphosphataemia at ICU admission were not independent risk factors of 28 or 90-day mortality for general critically ill patients, but hyperphosphataemia increased the risk of mortality among patients admitted to the MICU.",,,,hyperphosphataemia at admission increased the risk of 28 or 90-day mortality among patients admitted to the MICU,25
Chen_2021,,,,,,,,,,,,26
Chen_2021,,,,,,,,,,,,27
Moderate to severe hyperphosphataemia as an independent prognostic factor for 28-day mortality in adult patients with sepsis,2020,adult patients with sepsis,not specified,not specified,hyperphosphataemia,28-day mortality,Moderate to severe hyperphosphataemia is an independent prognostic factor for mortality in sepsis patients.,,,,Moderate to severe hyperphosphataemia as an independent prognostic factor for 28-day mortality in adult patients with sepsis.,28
Chen_2021,,,,,serum phosphorus,30-day mortality,Severe hypophosphatemia in sepsis as a mortality predictor.,,,,Severe hypophosphatemia in sepsis as a mortality predictor.,29
Risk and Prognostic Factors in Very Old Patients with Sepsis Secondary to Community-Acquired Pneumonia,2019,Very old patients,,Community-acquired pneumonia,,,,,,,Little is known about,0
Cilloniz_2019,2019,very old patients (≥80 years) with community-acquired pneumonia,1238,community-acquired pneumonia (CAP),,30-day mortality,"In very old patients hospitalized with CAP, in-hospital and 1-year mortality rates were increased if they developed sepsis.",,,,Thirty-day and intensive care unit (ICU) mortality did not diﬀer between patients with and without sepsis.,1
Cilloniz_2019,,very old (≥80 years) patients hospitalized with CAP,4070,"severe sepsis (i.e., organ dysfunction)",,mortality,"Age was an independent risk factor for mortality in sepsis, with prompt therapy associated with a mortality decrease in very elderly patients.",,,,"A recent multicenter study found that age was an independent risk factor for mortality in sepsis, with prompt therapy provided within the ﬁrst six hours of resuscitation being associated with a mortality decrease in very elderly (≥80 years) patients.",2
Cilloniz_2019,2019,Very old patients aged 80 years and above,,Sepsis due to pneumonia,,Presence of sepsis at hospital admission,Sepsis was defined according to the criteria of the Third International Consensus Definitions for Sepsis and Septic Shock (Sepsis-3).,,,,Sepsis was deﬁned according to the criteria of the Third International Consensus Deﬁnitions for Sepsis and Septic Shock (Sepsis-3) as the presence of pneumonia and an increase ≥2 points in the Sequential Organ Failure Assessment (SOFA) score.,3
Cilloniz_2019,,,,,,30-day mortality,,,,,The primary outcome was 30-day mortality.,4
Cilloniz_2019,2019,patients with sepsis,,,,30-day mortality,Risk factors that showed an association in the univariate analyses (p < 0.10) were identified after a stepwise backward elimination procedure.,,,< 0.10,Risk factors that showed an association in the univariate analyses (p < 0.10) were identified after a stepwise backward elimination procedure.,5
Cilloniz_2019,2019,very old patients with CAP,1238,sepsis,,30-day mortality,71% of very old patients with CAP had sepsis,,,<0.001,"""Of the 1238 very old patients with CAP, 880 (71%) had sepsis.""",6
Cilloniz_2019,,,,,,,,,,,"Septic shock at admission, n (%) 0 (0) 61 (7) <0.001",7
Cilloniz_2019,2019,patients with community-acquired pneumonia,215 patients in the no sepsis group and 594 patients in the sepsis group,sepsis,lymphocyte counts,septic shock,The sepsis group had lower lymphocyte counts at admission and a higher percentage of patients classified as PSI risk classes IV–V.,,,0.01,"A higher percentage of patients in the sepsis group was classified as PSI risk classes IV–V, and more experienced a higher rate of severe CAP compared with the no-sepsis group.",8
Cilloniz_2019,,very old patients with CAP,1238,,,development of sepsis,Several variables were significantly associated with the development of sepsis in very old patients with CAP.,1.97,,<0.001,"""The univariate logistic regression analyses identified several variables that were significantly associated with the development of sepsis in very old patients with CAP.""",9
Cilloniz_2019,,Very Old Patients,1238,,,30-day mortality,30-day mortality did not differ significantly between sepsis and no-sepsis groups (p = 0.062).,,0.62,0.062,Thirty-day and ICU mortality did not diﬀer between the sepsis and no-sepsis groups.,10
Cilloniz_2019,2019,Patients with sepsis,640,,,30-day mortality,"Chronic renal disease and neurologic disease were independently associated with increased 30-day mortality, while diabetes mellitus was associated with decreased 30-day mortality.",2.57,0.71,0.004,"Chronic renal disease and neurologic disease were independently associated with increased 30-day mortality, while diabetes mellitus was independently associated with decreased 30-day mortality.",11
Cilloniz_2019,,very old patients with CAP,,sepsis as defined using the Sepsis-3 criteria,,30-day mortality,71% of very old patients hospitalized with CAP presented with sepsis and 7% presented with septic shock according to the Sepsis-3 definitions.,4.85,,<0.001,"""71% of very old patients hospitalized with CAP presented with sepsis and 7% presented with septic shock according to the Sepsis-3 definitions.""",12
Cilloniz_2019,,very old patients with CAP,,sepsis,,30-day mortality,"Chronic renal and neurologic diseases were independently associated with increased 30-day mortality, whereas diabetes mellitus was associated with lower 30-day mortality.",,,,"chronic renal and neurologic diseases were independently associated with increased 30-day mortality, whereas diabetes mellitus was associated with lower 30-day mortality.",13
Cilloniz_2019,2019,very old patients with CAP,,CAP-related sepsis,,30-day mortality,Prior antibiotic therapy was protective against sepsis in very old patients with CAP.,,,,Our data indicated that prior antibiotic therapy was protective against sepsis in very old patients with CAP.,14
Cilloniz_2019,,diabetic and non-diabetic patients with sepsis,1104,,,mortality,"no significant differences were found in short or long-term outcomes, inflammatory biomarker levels, coagulation factors, or endothelial activation",,,,"no significant differences were found in short or long-term outcomes, inflammatory biomarker levels, coagulation factors, or endothelial activation",15
Cilloniz_2019,2019,very old patients with CAP,,sepsis,,in-hospital and 1-year mortality,"In very old patients with CAP who developed sepsis, both in-hospital and 1-year mortality are higher compared with their peers who have no sepsis.",,,,"In conclusion, in very old patients with CAP who developed sepsis, both in-hospital and 1-year mortality are higher compared with their peers who have no sepsis.",16
Cilloniz_2019,,,,,,,,,,,The results of this study have not been published elsewhere.,17
Cilloniz_2019,,,,,,,,,,,,18
Cilloniz_2019,,,,,,,,,,,,19
Cilloniz_2019,,,,,,,,,,,,20
Cilloniz_2019,,,,,,,,,,,,21
Cilloniz_2019,,,,,,,,,,,,22
Cilloniz_2019,,critically ill sepsis patients,,,,,,,,,response in critically ill sepsis patients.,23
Risk factors for the prognosis of patients with sepsis in intensive care units,2022,patients with sepsis in ICU,72,,peak systolic velocity (PSV),mortality,low PSV was an independent risk factor for mortality,0.295,0.99,,low PSV was an independent risk factor for mortality,0
Risk factors for the prognosis of patients with sepsis in intensive care units,2022,patients with sepsis,,,PSV,mortality,Low PSV was found to be an independent risk factor and good predictor for mortality in patients with sepsis.,,,,Low PSV as found to be an independent risk factor and good predictor for mortality in patients with sepsis.,1
Gai_2022,,,,septic shock,,improved outcomes and reduced mortality,Early diagnosis and management of sepsis have been associated with improved outcomes and reduced mortality.,,,,early diagnosis and management of sepsis have been associated with improved outcomes and reduced mortality,2
Gai_2022,2022,patients with sepsis admitted to the ICU,,Sepsis 3.0 Criteria,SMA ultrasound,mortality prediction,SMA ultrasound is an effective technique to predict mortality in patients with sepsis.,,,,we hypothesized that SMA ultrasound is an effective technique to predict mortality in patients with sepsis.,3
Gai_2022,,,,sepsis or septic shock,"SMA ultrasound parameters (EDV, PSV, RI)",mortality of the patients,,,,,The prognosis of sepsis was measured by mortality of the patients.,4
Risk factors for septic patients,2022,patients with sepsis,72,,PSV,mortality,Patients with higher PSV (100.8 cm/s) have a 70.5% lower chance of dying than patients with lower PSV (78.92 cm/s).,0.295,,< 0.001,Patients with higher PSV (100.8 cm/s) have a 70.5% lower chance of dying (OR = 0.295; 95% CI: 0.094–0.925) (survivors) than patients with lower PSV (78.92 cm/s).,5
Gai_2022,,septic patients,72,,PSV,mortality,low PSV was an independent risk factor for mortality,,,,the present results demonstrate that low PSV was an independent risk factor for mortality,6
Risk factors for septic patients,2022,,,sepsis,PSV and EDV,mortality,Early monitoring of PSV and EDV is extremely valuable in predicting mortality in sepsis.,,,,"""early monitoring of PSV and EDV is extremely valuable in predicting mortality""",7
Gai_2022,,,,,,,"Low PSV, EDV, and RI in the non-survivor group; PSV and EDV showed high sensitivity and specificity in predicting the risk of mortality.",,,,"""we observed low PSV, EDV, and RI in the non-survivor group. PSV and EDV alone showed high sensitivity and specificity in predicting the risk of mortality.""",8
Gai_2022,2022,elderly patients,72,,lactate,mortality,"low PSV, evaluated using the SMA ultrasound, was found to be an independent risk factor and a good predictor for mortality in patients with sepsis",,,,"low PSV, evaluated using the SMA ultrasound, as found to be an independent risk factor and a good predictor for mortality in patients with sepsis",9
Gai_2022,,,,,,,,,,,,10
Risk factors for septic patients,2022,,,,,,,,,,"PLOS ONE Risk factors for septic patients PLOS ONE | https://doi.org/10.1371/journal.pone.0273377 September 6, 2022 7 / 8",11
Incorporation of point-of-care ultrasound into morning round is associated with improvement in clinical outcomes in critically ill patients with sepsis,2018,critically ill patients with sepsis,,,,improvement in clinical outcomes,Incorporation of point-of-care ultrasound into morning round is associated with improvement in clinical outcomes in critically ill patients with sepsis.,,,,Incorporation of point-of-care ultrasound into morning round is associated with improvement in clinical outcomes in critically ill patients with sepsis.,12
Gai_2022,,,,,,,,,,,,13
Gai_2022,2022,,,,,,,,,,,14
Risk factors for death in patients with sepsis admitted to an obstetric intensive care unit,2020,obstetric patients,155,sepsis,,death,The need for vasopressors during hospitalization is associated with death in obstetric patients with sepsis.,26.38,,,The need for vasopressors during hospitalization is associated with death in obstetric patients with sepsis.,0
Holanda_2020,,obstetric population,,maternal sepsis,,mortality,"Infection is the third leading cause of direct maternal death in Brazil, corresponding to 5.2% of cases in 2016.",,,,"Infection is the third leading cause of direct maternal death in Brazil, corresponding to 5.2% of cases in 2016.",1
Risk factors for death in patients with sepsis admitted to an obstetric intensive care unit: a cohort study,2020,obstetric patients,,sepsis,,death,"Few studies have been conducted on obstetric patients with sepsis, with most reports originating from the USA and Europe.",,,,it is essential to gain greater understanding regarding the factors associated with death resulting from sepsis in obstetric patients,2
Holanda_2020,,patients with sepsis admitted to an obstetric ICU,147,,,death,factors related to death in patients with sepsis,,,,the present study was carried out to determine the factors related to death in patients with sepsis admitted to an obstetric ICU,3
Holanda_2020,,,,sepsis at admission,serum lactate,maternal death,,,,,the dependent variable was maternal death,4
Holanda_2020,,patients admitted to the obstetric ICU,155,sepsis during hospitalization,,mortality risk,"155 patients diagnosed with sepsis were included in the analysis, representing 5.1% of all admissions to the ICU.",,,,"""The remaining 155 patients, representing 5.1% of all admissions to the ICU, were included in the analysis.""",5
Holanda et al. Medicine (2020) 99:50,2020,obstetric patients with sepsis,,,,risk of death,Urinary infection was identified as a protective factor against death in patients with sepsis.,,,0.009,"""only urinary infection was identiﬁed as a protective factor against death in patients with sepsis (RR=0.26, 95% CI=0.08–0.85, P=.009)""",6
Holanda_2020,,patients diagnosed with sepsis,155,,lactate levels,death,"The mean lactate level at diagnosis in the patients who survived was 2.5mmol/L compared with 6.2mmol/L in those who died, a difference that was statistically significant.",26.38,,P=.05,"The mean lactate level at diagnosis in the patients who survived was 2.5mmol/L compared with 6.2mmol/L in those who died, a difference that was statistically significant (P=.05).",7
Holanda_2020,,obstetric patients with sepsis,155,obstetric sepsis,lactate levels,mortality,"The high death rate can be explained by the fact that the obstetric ICU at IMIP is the only obstetric ICU in the region, receiving patients referred from other units.",,,.001,"Twenty-two sepsis patients died (14.2%), resulting in a higher mortality rate compared with those reported from developed countries.",8
Holanda et al. Medicine (2020) 99:50,2020,Pregnant women with sepsis,95,Sepsis,"Lactate level, SOFA score",Death,The only factor that remained associated with death was the need for vasopressors during hospitalization.,,,,"Following logistic regression analysis, the only factor that remained associated with death was the need for vasopressors during hospitalization.",9
Holanda_2020,,,,septic shock,lactate,mortality,The need for vasopressors in hospital remained associated with death in the multivariate analysis.,,,,the need for vasopressors remained associated with mortality in this study,10
Holanda_2020,,,,urinary tract infection,lactate,mortality,Mortality in cases of urinary tract infection was the lowest of all different causes of sepsis (13.6%).,0.3,,,mortality in these cases was the lowest of all the different causes of sepsis (13.6%),11
Holanda_2020,,patients with sepsis,,,lactate,death,"A mean lactate level on admission of around 6mmol/L in the group of women who died suggests a much higher severity on arrival at the ICU, increasing the risk of death in these cases.",,,,"A mean lactate level on admission of around 6mmol/L in the group of women who died suggests a much higher severity on arrival at the ICU, increasing the risk of death in these cases.",12
Holanda et al. Medicine (2020),2020,pregnant women,,obstetric sepsis,,mortality due to sepsis,mortality due to sepsis in the obstetric population was high in this obstetric ICU in Brazil,,,,the need for vasopressors during hospitalization was the main factor associated with death in obstetric patients with sepsis,13
Holanda_2020,,,,,,,,,,,,14
idemio- logical and clinical proﬁle of patients admitted at an obstetrical ICU with diagnosis of puerperal pelvic sepsis in Northeastern Brazil,,,,,,,,,,,[in Portuguese].,15
Holanda et al. Medicine (2020) 99:50,2020,,,,Lactic acid,risk of morbidity from sepsis in pregnancy,,,,,Lactic acid measurement to identify risk of morbidity from sepsis in pregnancy.,16
Предикторы летального исхода у пациентов с рефрактерным септическим шоком,2021,взрослые пациенты с рефрактерным септическим шоком,79,рефрактерный септический шок,оценка по шкале SOFA,летальность,Оценка по шкале SOFA является независимым предиктором летальности у взрослых пациентов с рефрактерным септическим шоком.,"1,626","0,989","< 0,001",Оценка по шкале SOFA является независимым предиктором летальности у взрослых пациентов с рефрактерным септическим шоком.,0
Predictors of Lethal Outcomes in Patients with Refractory Septic Shock,2021,79 patients with refractory septic shock aged from 42 to 74 years,79,refractory septic shock,SOFA score,unfavorable outcome,The SOFA score is an independent predictor of lethality in adults with refractory septic shock.,1.626,,< 0.001,"In multivariate analysis, the only significant predictor of an unfavorable outcome was the SOFA score (adj. OR: 1.626 [95% CI: 1.313; 2.014], p < 0.001).",1
Predictors of lethal outcomes in patients with refractory septic shock,2021,patients with refractory septic shock,,refractory septic shock,norepinephrine dose,predictor of lethality,norepinephrine dose was a significant predictor along with SOFA,1.26 [95% CI: 1.313; 2.014],0.989 [95% CI 0.934; 1.000],< 0.001,"norepinephrine dose was also a significant predictor (AUC 0.989 [95% CI 0.934; 1.000], p < 0.001)",2
Kochkin_2021,,пациенты с рефрактерным септическим шоком,79,рефрактерный септический шок,,летальный исход в 28-дневный период,определение предикторов летального исхода,,,,Цель: определить предикторы летального исхода у пациентов в состоянии рефрактерного септического шока.,3
Kochkin_2021,,,35,,,28-day mortality,28-day mortality was 44% among the studied patients.,,,0.05,28-дневная летальность составила 44% (35 пациентов).,4
Kochkin_2021,2021,,,,прокальцитонин,летальный исход,"Повышение показателя > 14,1 нг/мл предсказывало летальный исход с чувствительностью 85,71% и специфичностью 100%.",,"0,950","< 0,001","Увеличение концентрации прокальцитонина ‒ AUC 0,950 [95%-ный ДИ 0,899; 1,000], p < 0,001.",5
Kochkin_2021,,patients with refractory septic shock,,refractory septic shock,SOFA score,28-day mortality,"The only significant predictor of mortality was the SOFA score, with an adjusted odds ratio of 1.626.",1.626,,< 0.001,"единственным значимым предиктором летального исхода оказалась оценка по шкале SOFA (adj. OR 1,626 [95%-ный ДИ 1,313; 2,014], p < 0,001)",6
Kochkin_2021,2021,,,рефрактерный септический шок,SOFA,летальный исход,"Оценка по шкале SOFA является единственным значимым, независимым предиктором летального исхода у пациентов с рефрактерным септическим шоком.","1,024 [95%-ный ДИ 0,999; 1,050]","0,989 [95%-ный ДИ 0,934; 1,000]","< 0,001","единственным значимым, независимым предиктором летального исхода у пациентов с рефрактерным септическим шоком является оценка по шкале SOFA.",7
Kochkin_2021,2021,,106,,SOFA,летальность,SOFA score was a significant predictor of mortality with an adjusted odds ratio of 9.616.,6.04,0.760,< 0.001,"""AUC 0,760 [95%-ный ДИ 0,66; 0,86], p < 0,001""",8
Kochkin_2021,,взрослых пациентов с рефрактерным септическим шоком,,рефрактерный септический шок,SOFA,летальность,Оценка по шкале SOFA является независимым предиктором летальности,"1,626 [95%-ный ДИ 1,313; 2,014]","0,989 [95%-ный ДИ 0,934; 1,000]","< 0,001","Оценка по шкале SOFA является независимым предиктором летальности у взрослых пациентов с рефрактерным септическим шоком (adj. OR 1,626 [95%-ный ДИ 1,313; 2,014], p < 0,001)",9
Kochkin_2021,,,,,serum lactate level,mortality,"Prognostic accuracy of the serum lactate level, the SOFA score and the qSOFA score for mortality among adults with sepsis",,,,"Prognostic accuracy of the serum lactate level, the SOFA score and the qSOFA score for mortality among adults with sepsis",10
Epidemiology of sepsis in patients admitted to intensive care unit of a multidisciplinary hospital,2019,,,,,,,,,,Epidemiology of sepsis in patients admitted to intensive care unit of a multidisciplinary hospital.,11
Kochkin_2021,,,,,,,,,,,,12
Kochkin_2021,,,,,,,,,,,,13
A simple mortality prediction model for sepsis patients in intensive care,2023,ICU patients with sepsis,,suspected or documented infection,,hospital mortality,The SOFA score has previously demonstrated good prognostic accuracy in predicting hospital mortality in patients with suspected infection admitted to the ICU.,,,,The SOFA score has previously demonstrated good prognostic accuracy in predicting hospital mortality in patients with suspected infection admitted to the ICU.,0
Koozi_2023,,adult patients fulfilling the Sepsis-3 criteria,1984,sepsis,,30-day mortality,A simple six-parameter model predicts mortality just as well as SAPS-3 upon ICU admission for sepsis.,,0.72,0.071,"A simple six-parameter model consisting of age, immunosuppression, Glasgow Coma Scale, body temperature, C-reactive protein and bilirubin had an AUC of 0.72",1
Koozi_2023,2022,adult patients fulfilling the Sepsis-3 criteria,,Sepsis-3,,mortality,The study aimed to assess the prognostic performance regarding mortality of SAPS-3 and SOFA score for patients with sepsis admitted to the ICU.,,,,This study aimed to assess the prognostic performance regarding mortality of SAPS-3 and SOFA score for patients with sepsis (according to Sepsis-3) admitted to the ICU,2
Koozi_2023,,,,septic shock,,30-day mortality,,,,<0.05,Septic shock was defined as vasopressor use and lactate >2 mmol/L at ICU admission.,3
Koozi_2023,,ICU admissions,1984,septic shock,,30-day mortality,Septic shock was more common in non-survivors than survivors.,,,< 0.001,Septic shock was more common in non-survivors than survivors (p < 0.001).,4
Koozi_2023,,Patients with septic shock,1984,Septic shock,C-reactive protein (CRP),Mortality within 30 days,Non-survivors had higher C-reactive protein levels than survivors.,,,<0.001,Non-survivors had higher C-reactive protein,5
Koozi_2023,,,,,"CRP, platelet count, lactate, creatinine, bilirubin",,"Several simpler models were created using backward stepwise multivariate logistic regression, each including four to six variables, and the simple model with the highest AUC was chosen.","more than one for age, immuno-suppression, CRP and bilirubin and less than one for GCS score and body temperature",,,"Out of the 36 parameters in Table 1, 24 were significant in univariate logistic regression analyses... A six-parameter model was found with odds ratios (OR) of more than one for age, immuno-suppression, CRP and bilirubin and OR of less than one for GCS score and body temperature.",6
Koozi_2023,,sepsis population,,,,predictive value for mortality,"SAPS-3 had an AUC of 0.75 in a sepsis population, which is lower than in general ICU populations.",,0.75,0.071,"SAPS-3 is not explicitly designed for sepsis patients, and the discriminative power of SAPS-3 was notably lower in our analyses in a sepsis population, with an AUC of 0.75.",7
Koozi_2023,,sepsis patients admitted to the ICU,,,"C-reactive protein, bilirubin",30-day mortality,A simple six-parameter model predicts 30-day mortality as well as SAPS-3 in sepsis patients.,,,,"This model suggests a higher risk of death within 30 days of ICU admission with advanced age, immuno- suppression, low GCS score, low body temperature, increased CRP level and increased bilirubin level.",8
Koozi_2023,,,,sepsis,CRP,30-day mortality,Elevated CRP levels are prognostic for 30-day mortality in sepsis.,,0.66,,"""Previous studies have found that elevated bilirubin levels at ICU admission are an early independent predictor of mortality in patients with sepsis.""",9
Koozi_2023,,,,,,,"WBC is included in SAPS-3, and although it is clinically used to follow the course of an infection, the prognostic value of WBC in sepsis is poorly studied.",,,,"WBC is included in SAPS-3, and although it is clinically used to follow the course of an infection, the prognostic value of WBC in sepsis is poorly studied.",10
Koozi_2023,,,,,,,The AUC of our simple six-parameter model indicates only a moderately performing model.,,,,"the AUC of our simple six-parameter model, like the AUC for SAPS-3 in this study, indicates only a moderately performing model.",11
Koozi_2023,,sepsis patients,,,"age, immunosuppression, GCS score, body temperature, CRP and bilirubin",30-day mortality upon ICU admission,A simpler six-parameter method predicts 30-day mortality upon ICU admission for sepsis patients just as well as SAPS-3.,,,,"A simpler six-parameter method using age, immunosuppression, GCS score, body temperature, CRP and bilirubin on admission predicts 30-day mortality upon ICU admission for sepsis patients just as well as SAPS-3.",12
Koozi_2023,,,,,,,,,,,,13
Koozi_2023,,adults with suspected infection admitted to the Intensive Care Unit,,,,In-hospital mortality,,,,,"""ia, and qSOFA score for In-hospital mortality among adults with suspected infection admitted to the Intensive Care Unit.""",14
C-reactive protein as a prognostic factor in intensive care admissions for sepsis: a Swedish multicenter study,2020,,,sepsis,C-reactive protein,,,,,,C-reactive protein as a prognostic factor in intensive care admissions for sepsis: a Swedish multicenter study,15
Koozi_2023,,,,,,,,,,,,16
Анализ ранних факторов риска летального исхода абдоминального сепсиса,2022,134 больных с абдоминальным сепсисом,134,абдоминальный сепсис,SOFA > 8 баллов,летальный исход,Независимыми предикторами летального исхода явились оценка по SOFA > 8 баллов,"1,5712","0,813","0,0001",независимыми предикторами летального исхода явились оценка по SOFA > 8 баллов,0
Analysis of early risk factors for the lethal outcome of abdominal sepsis as indications for the start of invasive monitoring of central hemodynamics: a retrospective observational study,2022,patients with abdominal sepsis,134,abdominal sepsis,lactate level,mortality,The study analyzed the predictive significance of clinical and laboratory parameters in relation to the risk of mortality in the first 24 hours of ICU stay.,,,,"лактатемии > 1,8 ммоль/л",1
Анализ ранних факторов риска летального исхода абдоминального сепсиса,2022,,,абдоминальный сепсис,"SOFA score > 8, lactateemia > 1.8 mmol/l",летальный исход,"значимыми предикторами летального исхода являются оценка по шкале SOFA > 8 баллов и лактатемия > 1,8 ммоль/л","1.5712, 3.5293","0.813, 0.799","0.0001, 0.0001","значимыми предикторами летального исхода являются оценка по шкале SOFA > 8 баллов и лактатемия > 1,8 ммоль/л",2
Analysis of early risk factors for the lethal outcome of abdominal sepsis as indications for the start of invasive monitoring of central hemodynamics: a retrospective observational study,2022,,,abdominal sepsis,SOFA score > 8 points and lactateemia > 1.8 mmol/l,lethal outcome,Significant predictors of lethal outcome are SOFA score > 8 points and lactateemia > 1.8 mmol/l.,,,0.0007,significant predictors of lethal outcome are SOFA score > 8 points and lactateemia > 1.8 mmol/l.,3
Kozlov_2022,2022,,,септический шок,,летальный исход,"необходимо установление предикторов летального исхода, которые доступны для рутинного определения",,,,"необходимо установление предикторов летального исхода, которые доступны для рутинного определения",4
Kozlov_2022,,patients with abdominal sepsis or septic shock,157,abdominal sepsis or septic shock,,,"The study included patients with abdominal sepsis or septic shock who were in the ICU from 01.06.2019 to 01.06.2020, with a total of 267 medical records reviewed and 157 meeting inclusion criteria.",,,,"""Всего было отобрано 267 медицинских карт, полное соответствие критериям включения установлено у 157 больных.""",5
Analysis of early risk factors for fatal outcome in abdominal sepsis,2022,patients with abdominal sepsis,134,abdominal sepsis,,mortality in ICU,Mortality in ICU was 47%,,,,летальность в ОРИТ составила 47 % (n = 63),6
Kozlov_2022,,patients in intensive care unit,134,,"NT-proBNP, procalcitonin",mortality in intensive care unit,mortality in intensive care unit was 30%,,,,летальность в ОРИТ составила 30,7
Kozlov_2022,,patients on mechanical ventilation,54,,SOFA > 8 points and lactatemia > 1.8 mmol/L,mortality,Patients were divided into two subgroups based on the presence of risk factors for mortality.,,,,При ретроспективном анализе пациентов разделили на 2 подгруппы: с наличием сочетания факторов риска летальности (n = 14) и без факторов риска (n = 38).,8
Kozlov_2022,2022,,,сепсис,,летальный исход,Оценка по шкалам APACHE II и SOFA указывала на наличие сепсиса и свидетельствовала о тяжелом состоянии большинства больных.,,,"< 0,05",Оценка по шкалам APACHE II и SOFA указывала на наличие сепсиса и свидетельствовала о тяжелом состоянии большинства больных.,9
Kozlov_2022,,,,,ПКТ,летальность,Оценка по шкале SOFA и лактатемия продемонстрировали прогностическую значимость.,"1,4179; 2,7536","0,813; 0,799; 0,847","0,029; 0,009; < 0,0001","прогностическую значимость продемонстрировали оценки по APACHE II и SOFA, а также лактатемия.",10
Анализ ранних факторов риска летального исхода абдоминального сепсиса,2022,больные с абдоминальным сепсисом,134,абдоминальный сепсис,NT-proBNP,летальный исход,"Частота снижения СИ до уровня менее 2,5 л/мин/м2 составила 50 % у больных с сочетанием факторов риска.",,,"0,0002","Частота снижения СИ до уровня менее 2,5 л/мин/м2 составила 50 %",11
Kozlov_2022,2022,,,sepsis,lactate,mortality,Lactate was identified as a significant predictor of mortality with an odds ratio of 3.5293.,3.5293,,0.0001,"""Лактат 3,5293 1,7421–7,1500 0,0001""",12
Kozlov_2022,,,,сепсис,,летальность,"своевременное выявление сердечной дисфункции становится затруднительным, а назначение адекватных корригирующих мер может запаздывать",,,,"в результате своевременное выявление сердечной дисфункции становится затруднительным, а назначение адекватных корригирующих мер, в частности инотропных препаратов, может запаздывать",13
Анализ ранних факторов риска летального исхода абдоминального сепсиса,2022,больные с абдоминальным сепсисом,,абдоминальный сепсис,"SOFA, лактат, NT-proBNP",летальный исход,Наиболее уверенно можно предсказать летальный исход у больных с высокой оценкой по SOFA и тенденцией к гиперлактатемии.,,,,наиболее уверенно можно предсказать летальный исход у больных с сочетанием достаточно высокой оценки по SOFA и тенденции к гиперлактатемии.,14
Kozlov_2022,,,,сепсис,гиперлактатемия,летальность,предикторная способность в отношении летальности в проанализированных клинических наблюдениях становилась более выраженной при сочетании установленной оценки по шкале SOFA и определенного уровня лактатемии,,,,"гиперлактатемия является общепризнанным показателем тканевой гипоксии в результате гипоперфузии, характерной для сепсиса",15
Kozlov_2022,,,,септический шок,,сократимость миокарда,"Депрессия насосной функции сердца в отсутствие отличий преднагрузки и постнагрузки дает основания считать основной причиной нарушения сократимости миокарда комплекс патологических процессов, характерных для септической кардиомиопатии.","18,5",,,"значимое снижение СИ, дающее основание предположить комбинацию сепсиса с кардиогенным шоком зарегистрированное в половине наблюдений",16
Kozlov_2022,2022,,,септическая кардиомиопатия,"SOFA > 8 баллов и лактатемия > 1,8 ммоль/л",качество интенсивного лечения сепсиса,"достаточно широкое, но обоснованное применение ТПТД окажет положительный эффект на качество интенсивного лечения сепсиса",,,,"можно рассматривать сочетание оценки по SOFA > 8 баллов и лактатемии > 1,8 ммоль/л",17
Kozlov_2022,,,,,"SOFA > 8 баллов, лактатемия > 1,8 ммоль/л",летальный исход,"значимыми предикторами летального исхода являются оценка по шкале SOFA > 8 баллов и лактатемия > 1,8 ммоль/л",,,,"значимыми предикторами летального исхода являются оценка по шкале SOFA > 8 баллов и лактатемия > 1,8 ммоль/л",18
Cardiac Function Index as a Possible Target Parameter Hemodynamic Correction in Abdominal Sepsis (Pilot Study),2021,,,abdominal sepsis,Cardiac Function Index,,,,,,Индекс функции сердца как возможный целевой показатель для коррекции гемодинамики при абдоминальном сепсисе (пилотное исследование),19
Kozlov_2022,2022,,,,,,,,,,,20
Early hemodynamic predictors of lethal outcomes of abdominal sepsis,2018,,,abdominal sepsis,NT-proBNP,lethal outcomes,NT-proBNP is a biomarker of myocardial stress in abdominal sepsis and septic shock.,,,,"""N-terminal pro-B-type natriuretic peptide is a biomarker of myocardial stress in abdominal sepsis and septic shock.""",21
Molecular RNA Correlates of the SOFA Score in Patients with Sepsis,2021,,,sepsis,SOFA score,,,,,,Molecular RNA Correlates of the SOFA Score in Patients with Sepsis.,22
Effect of a Re­ suscitation Strategy Targeting Peripheral Perfusion Status vs Serum Lactate Levels on 28-Day Mortality Among Patients With Septic Shock: The ANDROMEDA-SHOCK Randomized Clinical Trial,2019,,,Septic Shock,,28-Day Mortality,,,,,Effect of a Re­ suscitation Strategy Targeting Peripheral Perfusion Status vs Serum Lactate Levels on 28-Day Mortality Among Patients With Septic Shock: The ANDROMEDA-SHOCK Randomized Clinical Trial.,23
"Prognostic accuracy of the serum lactate level, the SOFA score and the qSOFA score for mortality among adults with Sepsis",2019,septic patients,1865,,serum lactate level,mortality,Lactate was an independent predictor of sepsis prognosis.,,0.664,,Lactate was an independent predictor of sepsis prognosis.,0
Liu_2019,2019,,,sepsis,lactate,mortality,Lactate is an independent prognostic predictor of mortality for patients with sepsis.,,,,Lactate is an independent prognostic predictor of mortality for patients with sepsis.,1
Liu et al.,2019,patients with sepsis,"46,520",,serum lactate level,mortality,"prognostic accuracy of the serum lactate level, the SOFA and the qSOFA in predicting mortality",,,,"we further explored the prognostic accuracy of the serum lactate level, the SOFA and the qSOFA in predicting mortality in patients with sepsis",2
Liu_2019,,"patients diagnosed with sepsis, severe sepsis, and septic shock",1865,"sepsis, severe sepsis, septic shock",,survival status,,,,,A total of 3713 sepsis patients were included.,3
Liu_2019,2019,sepsis patients,1865,,lactate,30-day mortality,The lactate levels of patients in between lactate group 1 and lactate group 2 differ significantly,,,< 0.05,A total of 1865 sepsis patients are included in this study.,4
Liu_2019,,,,sepsis,lactate,mortality,Lactate is an independent prognostic predictor in sepsis patients.,,,< 0.001,lactate remained an independent prognostic factor for sepsis,5
Liu_2019,2019,patients with sepsis,1865,,lactate,30-day mortality,Discrimination of 30-day mortality was significantly higher for lactate than for qSOFA.,,0.664,< 0.001,"Discrimination of 30-day mortality...was significantly higher for lactate (AUROC, 0.664) than for qSOFA (AUROC, 0.547).",6
Liu_2019,2019,patients with sepsis,982,,lactate,30-day mortality,Higher lactate levels are associated with increased 30-day mortality in sepsis patients.,,,< 0.001,30-day mortality 395 (33.88) 414 (59.23) 809 (43.38) < 0.001,7
Liu_2019,2019,,,severe sepsis,lactate,hospital mortality,Lower lactate levels were related to lower severity of sepsis and lower mortality.,,,< 0.001,"Lower lactate levels, and even levels in the normal range, were reported to be related to lower severity of sepsis.",8
Liu_2019,2019,ICU patients,7155,,lactate,hospital mortality,A significant association between lactate concentration and increased hospital mortality was first detectable at the time weighted lactate concentration was greater than 0.75 mmol/L.,2.304,,< 0.001,"""A significant association between lactate concentration and increased hospital mortality was first detectable at the time weighted lactate concentration was greater than 0.75 mmol/L.""",9
Liu_2019,2019,patients with infection who were admitted in the emergency department,,,lactate,mortality,"Lactate showed superior prognostic accuracy for short-term and long-term mortality compared to qSOFA, and the predictive validity of lactate was similar to that of SOFA.",,"0.664 (0.639,0.689) for 30-day mortality; 0.656 (0.632,0.681) for 90-day mortality; 0.668 (0.643,0.693) for hospital mortality; 0.636 (0.611,0.661) for 1-year mortality",,"Lactate showed superior prognostic accuracy for short-term and long-term mortality compared to qSOFA, and the predictive validity of lactate was similar to that of SOFA.",10
Liu_2019,,adults with suspected infection,,septic patients,lactate,mortality,"Lactate testing is a simple, inexpensive, and reasonably sensitive tool for predicting mortality and is more stable than qSOFA when sedation is used.",,,,"Lactate testing is a simple, inexpensive, and reasonably sensitive tool for predicting mortality and is more stable than qSOFA when sedation is used.",11
Liu_2019,2019,adult sepsis patients,,,lactate,mortality,Lactate alone would not be a good predictive test of mortality.,,,,Lactate alone would not be a good predictive test of mortality.,12
Liu_2019,,adult patients with sepsis,,,lactate,mortality,lactate is a better prognostic factor than qSOFA and SOFA,,,,lactate is a better prognostic factor than qSOFA and SOFA in adult patients with sepsis.,13
Liu_2019,,,,,,,,,,,,14
Liu_2019,,,,,,,,,,,,15
"Liu et al. Scandinavian Journal of Trauma, Resuscitation and Emergency Medicine (2019)",2019,,,,,,,,,,"Liu et al. Scandinavian Journal of Trauma, Resuscitation and Emergency Medicine (2019) 27:51 Page 9 of 10",16
Prognostic accuracy of Sepsis-3 criteria for in-hospital mortality among patients with suspected infection presenting to the emergency department,2017,patients with suspected infection,,,,in-hospital mortality,Prognostic accuracy of Sepsis-3 criteria,,,,Prognostic accuracy of Sepsis-3 criteria for in-hospital mortality among patients with suspected infection presenting to the emergency department.,17
Prognostic value of blood lactate levels: does the clinical diagnosis at admission matter?,2009,,,,blood lactate levels,28-day mortality,"Association between blood lactate levels, sequential organ failure assessment subscores, and 28-day mortality during early and late intensive care unit stay.",,,,"Association between blood lactate levels, sequential organ failure assessment subscores, and 28-day mortality during early and late intensive care unit stay.",18
"Liu et al. Scandinavian Journal of Trauma, Resuscitation and Emergency Medicine (2019)",2019,,,,,,,,,,"Liu et al. Scandinavian Journal of Trauma, Resuscitation and Emergency Medicine (2019) 27:51",19
A risk score based on pediatric sequential organ failure assessment predicts 90-day mortality in children with Klebsiella pneumoniae bloodstream infection,2020,children with Klebsiella pneumoniae bloodstream infection,146,Klebsiella pneumoniae bloodstream infection,"C-reactive protein, albumin, lactate",90-day mortality,"Hospitalization in the last 6 months, intra-abdominal source of infection, presence of organ failure, and altered levels of blood biomarkers were significant risk factors for 90-day mortality.",,0.80,,33 (22.6%) patients died within 90 days.,0
Li_2020,2020,,,,,mortality,"AUC = 0.89, 95% CI 0.82–0.96; sensitivity = 0.86; specificity = 0.84",,0.89,,"was better at predicting mortality (AUC = 0.89, 95% CI 0.82–0.96; sensitivity = 0.86; specificity = 0.84)",1
Li_2020,,pediatric patients,,Klebsiella pneumoniae bloodstream infection (Kp-BSI),modified SOFA score,90-day mortality,The modified SOFA may be better than the original score to predict 90-day mortality in pediatric patients with Kp-BSI.,8.36 (95% CI 3.60–27.83) for medium-risk; 20.27 (95% CI 7.47–54.95) for high-risk,,,"""the medium-risk and high-risk groups had a higher mortality, with hazard ratios of 8.36 (95% CI 3.60–27.83) and 20.27 (95% CI 7.47–54.95), respectively.""",2
Li_2020,,pediatric patients (≤18 years),,Klebsiella pneumoniae bloodstream infections (Kp-BSI),"C-reactive protein, pro-calcitonin",mortality,Risk factors and early predictors of mortality in children with Kp-BSI have not been thoroughly investigated.,,,,"Overall, risk factors and early predictors of mortality in children with Kp-BSI have not been thoroughly investigated.",3
Li_2020,2020,Patients diagnosed with Kp-BSI,,Kp-BSI,"procalcitonin, C-reactive protein, albumin, total bilirubin, creatinine, lactate",90-day mortality after diagnosis of Kp-BSI,,,,,The primary outcome was the 90-day mortality after diagnosis of Kp-BSI; the 14- and 30-day mortality were also recorded.,4
Li_2020,,children with CR-Kp bloodstream infection,,bloodstream infection,,,,,,,A case of bloodstream infection was defined as positive blood cultures from two separate venipuncture sites.,5
Li_2020,,pediatric wards at Xinhua Hospital,"50,000 estimated admissions per year",,"procalcitonin, C-reactive protein, albumin",mortality,Risk factors with P < 0.10 in the Cox analysis were introduced stepwise into the predictive model as additional components of the SOFA score.,,,< 0.05,A two-tailed P-value of less than 0.05 was considered statistically significant.,6
Li et al. BMC Infectious Diseases (2020),2020,Patients diagnosed with Kp-BSI,146,Kp-BSI,,90-day mortality,A total of 33 (22.6%) patients died within 90 days after the onset of Kp-BSI.,,,< 0.01,"""A total of 33 (22.6%) patients died within 90 days after the onset of Kp-BSI.""",7
Li_2020,,children with Klebsiella pneumoniae bloodstream infection,146,Klebsiella pneumoniae bloodstream infection,"C-reactive protein, procalcitonin, total bilirubin, creatinine, lactate",mortality,The increased number of organ failures at the onset of Kp-BSI was associated with a higher risk of mortality.,,,,The increased number of organ failures at the onset of Kp-BSI was associated with a higher risk of mortality.,8
Li et al. BMC Infectious Diseases (2020),2020,Patients with Klebsiella pneumoniae bloodstream infection,146,Klebsiella pneumoniae bloodstream infection,,Mortality,Intra-abdominal infection was significantly associated with non-survivors.,,,< 0.01,"Intra-abdominal infection, n (%) 30 (20.5) 14 (12.4) 16 (48.5) < 0.01",9
Li et al. BMC Infectious Diseases (2020),2020,,,K. pneumoniae infections,,mortality,The risk of death was 6.8-fold higher for patients infected with K. pneumoniae from intra-abdominal sources compared to those with primary bacteremia or catheter-related infections.,6.8,,,the risk of death was 6.8-fold higher compared to that of patients with primary bacteremia or catheter-related infections.,10
Li_2020,,patients with CR-Kp bloodstream infection,71,CR-Kp bloodstream infection,"C-reactive protein, lactate",90-day mortality,"The pediatric SOFA score had a moderate predictive power for 90-day mortality, with an AUC of 0.80.",,0.80,,"The pediatric SOFA score had a moderate predictive power for 90-day mortality, with an AUC of 0.80 (95% CI 0.71–0.89)",11
Klebsiella pneumoniae bloodstream infection,2020,children with Klebsiella pneumoniae bloodstream infection,146,,,30-day mortality,"Kp-specific SOFA score was able to stratify patients into low-, medium-, and high-risk groups.",,0.85,< 0.01,"The 30-day mortality rate was 17.1% (25/146). For predicting 30-day mortality, the AUC value of pediatric SOFA and Kp-specific SOFA was 0.79 and 0.85, respectively.",12
Li_2020,,patients with Kp-BSI,N/A,Klebsiella pneumoniae bloodstream infection (Kp-BSI),C-reactive protein (mg/L),90-day mortality,C-reactive protein levels > 77 mg/L are associated with increased mortality risk.,"6.46 (2.26, 18.52)",,< 0.01,"""> 77 19/39 (48.7) 6.46 (2.26, 18.52) < 0.01""",13
Li et al. BMC Infectious Diseases (2020),2020,pediatric patients with K. pneumoniae bloodstream infection (Kp-BSI),,K. pneumoniae bloodstream infection,"Procalcitonin, C-reactive protein, albumin",90-day mortality,Combining prior history of hospitalization and intra-abdominal source of infection with the pediatric SOFA score improves predictive power for 90-day mortality.,,0.89,,"we demonstrate for the first time that combining two risk factors (prior history of hospitalization and intra-abdominal source of infection) with the pediatric SOFA score at the early onset of Kp-BSI has a satisfactory predictive power of 30- and 90-day mortality, with an AUC value of 0.85 and 0.89, respectively.",14
Li_2020,2020,patients with Klebsiella pneumoniae bloodstream infection,146,Klebsiella pneumoniae bloodstream infection,SOFA score,90-day mortality,The risk of mortality increased with high SOFA scores at Kp-BSI onset.,,,< 0.01,we demonstrated that the risk of mortality increased with high SOFA scores at Kp-BSI onset,15
Li_2020,2020,patients with Klebsiella pneumoniae bloodstream infection (Kp-BSI),,intra-abdominal sepsis,serum albumin and C-reactive protein,mortality,The combination of serum albumin and C-reactive protein levels with SOFA improved risk prediction of mortality.,,,P < 0.01,the intra-abdominal source of bloodstream infection was associated with the worst prognosis,16
Li_2020,,children with Kp-BSI,146,Klebsiella pneumoniae bloodstream infection (Kp-BSI),"C-reactive protein, albumin",prognostic value of SOFA score,The Kp-specific SOFA had a high negative predictive value (0.95) and an AUC value of 0.80.,,0.80,,"""we validated the pediatric SOFA score updated in 2017 to prognosticate the outcomes of children with Kp-BSI, and determined its AUC value to be 0.80.""",17
Li_2020,,pediatric patients,71,Klebsiella pneumoniae bloodstream infection (Kp-BSI),Kp-specific SOFA,90-day mortality,The Kp-specific SOFA may offer a better predictive tool of 90-day mortality in children with Kp-BSI.,,,,the Kp-specific SOFA may offer a better predictive tool of 90-day mortality in children with Kp-BSI.,18
Li_2020,,children with Klebsiella pneumoniae bloodstream infection,,Klebsiella pneumoniae bloodstream infection,SOFA score,30-day mortality,The SOFA score achieved the best predictive performance among single predictors.,,,P < 0.01,The SOFA score achieved the best predictive performance among single predictors.,19
Li et al. BMC Infectious Diseases (2020),2020,,,,,,,,,,Ethical approval was granted from the ethics committees and review board of Xinhua Hospital affiliated to Shanghai Jiao Tong University School of Medicine (ID: XHEC-C-2019-109).,20
Li_2020,,,,,,,,,,,,21
Li_2020,,,,,,,,,,,,22
Li_2020,,,,,,,,,,,,23
Li_2020,,,,,,,,,,,,24
empirical antibiotic therapy: a cohort study on patients admitted to the ICU with infection,2018,,,,,,,,,,empirical antibiotic therapy: a cohort study on patients admitted to the ICU with infection.,25
Time to appropriate antibiotic therapy is a predictor of outcome in patients with bloodstream infection caused by KPC-producing Klebsiella pneumoniae,2020,,,bloodstream infection,,patient mortality,Time to appropriate antibiotic therapy is a predictor of outcome in patients with bloodstream infection caused by KPC-producing Klebsiella pneumoniae.,,,,"""Time to appropriate antibiotic therapy is a predictor of outcome in patients with bloodstream infection caused by KPC-producing Klebsiella pneumoniae.""",26
Li_2020,2020,,,,,,,,,,,27
Li_2024,2024,,,,,,,,,,The performance of the sepsis-induced coagulopathy (SIC) and sequential organ failure assessment (SOFA) scores in predicting the prognoses of patients with sepsis,0
Li_2024,,patients with sepsis,209,,SIC and SOFA scores,28-day mortality,"The time course of SIC and SOFA scores differed between surviving and non-surviving patients with sepsis, and persistent high SIC and SOFA scores can predict 28-day mortality.",,0.749,< 0.05,"The performance of SIC scores on day 4 for predicting mortality was more accurate than that on day 2, with areas under the curve of 0.749 (95% confidence interval [CI]: 0.674–0.823)",1
Persistent high sepsis-induced coagulopathy and sequential organ failure assessment scores can predict the 28-day mortality of patients with sepsis: A prospective study,2024,patients with sepsis,,,,28-day mortality,Persistent high sepsis-induced coagulopathy and sequential organ failure assessment scores can predict the 28-day mortality of patients with sepsis.,,,,Persistent high sepsis-induced coagulopathy and sequential organ failure assessment scores can predict the 28-day mortality of patients with sepsis.,2
Li_2024,,patients with sepsis,,septic coagulopathy,SIC score,mortality,The SIC score could predict both 7-day and 28-day mortality in patients with sepsis in the ICU.,,,,the SIC score could predict both 7-day and 28-day mortality in patients with sepsis in the ICU.,3
Li_2024,2024,Patients with sepsis,,,SOFA score,mortality,SOFA scores demonstrated strong predictive power in assessing mortality in patients with sepsis.,,,,SOFA scores demonstrated strong predictive power in assessing mortality,4
BMC Infectious Diseases (2024) 24:282,2024,,,Sepsis and septic shock,"SOFA score, PT-INR, platelet count",28-day mortality,,,,,"Sepsis was defined as an increase in the SOFA score of at least two points caused by current infection, according to the Sepsis-3 definition",5
Li_2024,,,,,,,,,,,We plotted the receiver operating characteristic (ROC) curves and calculated the area under the ROC curve (AUC) to evaluate the predictive value of SIC scores and SOFA scores at various time points for the prognosis of sepsis.,6
Li_2024,2024,patients with sepsis,209,,"D-dimer, lactate, albumin",28-day mortality,"Non-survivors had significantly higher D-dimer and lactate levels, and lower albumin concentrations compared to survivors.",,,< 0.001,"""significantly higher D-dimer and lactate levels were observed in the non-survivors. However, albumin concentrations were found to be lower in the non-survivors.""",7
Li_2024,,Overall,209,,"SIC scores, SOFA scores",Survival,"Non-survivors showed higher SIC and SOFA scores compared to survivors, with significant differences over time.",,,< 0.001,"""the SOFA scores of the non-survivors were higher than those of survivors at all three-time points (P < 0.001)""",8
Li_2024,2024,,,septic shock,APACHE II score,length of stay,APACHE II score was significantly higher in patients with septic shock compared to those without.,,,< 0.001,"""APACHE II score, median (IQR) 24.00 (19.00, 28.00) 21.00 (17.00, 27.00) 27.00 (22.75, 33.00) < 0.001""",9
Li_2024,,patients with sepsis,209,,SIC score,28-day mortality,"The AUC of the SIC score on day 2 was 0.601, and on day 4 it was 0.749, indicating better predictive performance for 28-day mortality compared to day 1.",,0.749,< 0.001,The AUC of the SIC score on day 4 was 0.749 (95% CI: 0.674–0.823; P < 0.001),10
Li_2024,2024,patients with sepsis,209,sepsis-induced coagulopathy,SIC scores,28-day mortality,High SIC scores on days 2 and 4 indicated unfavorable outcomes; SIC scores on day 4 more accurately predicted 28-day mortality than those on day 2.,,,,the SIC on day 4 were independent predictors of 28-day mortality in patients with sepsis,11
Li_2024,2024,emergency patients with sepsis,not specified,sepsis,SIC score,28-day mortality,An increased SIC score was significantly related to mortality risk in patients with sepsis.,52% increase in mortality,0.749,,an increased SIC score was significantly related to mortality risk in patients with sepsis,12
Li et al. BMC Infectious Diseases (2024) 24:282,2024,patients with sepsis,,,,28-day mortality,The SOFA scores on day 4 performed better in predicting the patients’ 28-day mortality than those on days 1 and 2.,,"0.749 (0.674, 0.823)",< 0.001,"""the SOFA scores on day 4 performed better in predicting the patients’ 28-day mortality than those on days 1 and 2.""",13
Li_2024,2024,,,septic shock,SIC score,28-day mortality,"The sensitivity of the SIC score for predicting 28-day mortality was high, particularly on day 2 (0.821), but the specificity was low (0.336) on day 2 and increased to 0.656 on day 4.",,,,"the sensitivity of the SIC score for predicting 28-day mortality was high, particularly on day 2 (0.821)",14
Li_2024,,patients with sepsis,,,"ΔSOFA score, ΔSIC score",28-day mortality,ΔSOFA score between days 1 and 4 can predict the 28-day mortality of patients with sepsis; ΔSIC score might be useful as another supplementary endpoint for studies evaluating the efficacy of anticoagulant therapy in patients with sepsis.,,,,we found that the ΔSIC score between days 1 and 4 had good predictive value for 28-day mortality,15
Li_2024,2024,critically ill patients with sepsis,,sepsis,platelet counts,survival,The time course of SIC and SOFA scores differed between surviving and non-surviving patients with sepsis.,,,,Persistent high SIC and SOFA scores can predict outcomes in patients with sepsis in the emergency department.,16
Li_2024,,patients with sepsis,,,,,,,,,patients with sepsis.,17
Li_2024,,,,,,,,,,,,18
Communication from the Scientific and Standardization Committee,,,,sepsis-induced coagulopathy,antithrombin,mortality,,,,,Antithrombin and mortality in severe pneumonia patients with sepsis-associated disseminated intravascular coagulation: an observational nationwide study.,19
Day 3 versus day 1 disseminated intravascular coagulation score among sepsis patients: a prospective observational study,2016,sepsis patients,,,,,,,,,Day 3 versus day 1 disseminated intravascular coagulation score among sepsis patients: a prospective observational study.,20
Comparison of a new criteria for sepsis-induced coagulopathy and International Society on thrombosis and Haemostasis disseminated intravascular coagulation score in critically ill patients with sepsis 3.0: a retrospective study,2018,critically ill patients with sepsis,,sepsis-induced coagulopathy,,mortality,The study compares new criteria for sepsis-induced coagulopathy with established scoring systems.,,,,Comparison of a new criteria for sepsis-induced coagulopathy and International Society on thrombosis and Haemostasis disseminated intravascular coagulation score in critically ill patients with sepsis 3.0: a retrospective study.,21
Association between hematocrit and the 30-day mortality of patients with sepsis: A retrospective analysis based on the large-scale clinical database MIMIC-IV,,septic patients,2057,,hematocrit (HCT),30-day mortality,The low HCT level is an independent risk factor for the increase of the 30-day mortality in patients with sepsis.,1.589,,< 0.05,"the 30-day mortality of patients with the low HCT level increased by 58.9% (hazard ratio = 1.589, 95% confidence interval (CI) = 1.009–2.979, p < 0.05)",0
Association between hematocrit and the 30-day mortality of patients with sepsis: A retrospective analysis based on the large-scale clinical database MIMIC-IV,2022,patients with sepsis,,,hematocrit,30-day mortality,hematocrit can be used as a significant predictor of the clinical outcome of sepsis,,,,hematocrit can be used as a significant predictor of the clinical outcome of sepsis,1
Luo_2022,,patients with sepsis in surgical intensive care units (ICUs),,,HCT,prognosis of sepsis,HCT level of first admission patients was employed to assess its influence on the prognosis of sepsis.,,,,"""the HCT level of first admission patients was employed in our research to dissect out whether it influenced the prognosis of sepsis""",2
Association between hematocrit and the 30-day mortality of patients with sepsis,2022,Adult patients (age ≥18 years) admitted to ICU,,sepsis-3,hematocrit,30-day mortality,,,,,This study uses patients diagnosed with sepsis in the database and meets sepsis-3 to define the sepsis cohort.,3
Luo_2022,,patients with sepsis 3.0 in the MIMICIV database,2057,sepsis 3.0,hematocrit level,30-day mortality,The 30-day all-cause mortality rate of patients was 44.2%,,,<0.05,The number of deaths within 30 days after admission to the ICU was 911.,4
Association between hematocrit and the 30-day mortality of patients with sepsis,2022,patients with sepsis,2057,,hematocrit,30-day mortality,Low hct level is an independent prognostic factor for sepsis.,1.589,,<0.05,"the low hct level remained an independent prognostic factor for sepsis (P<0,05)",5
Luo_2022,,,,,Hematocrit,,,,,,Outcomes of sepsis patients according to the hematocrit level.,6
Association between hematocrit and the 30-day mortality of patients with sepsis,2022,patients with sepsis,2057,,hematocrit level,30-day mortality,The difference between HCT level and the 30-day mortality rate of sepsis was statistically significant.,,,0.040,the difference between HCT level and the 30-day mortality rate of sepsis was statistically significant (P = 0.040),7
Association between hematocrit and the 30-day mortality of patients with sepsis,2022,,,sepsis,hct,30-day mortality,High hematocrit level is associated with increased risk of 30-day mortality in sepsis patients.,1.369,,0.003,"""High hct level 1.369 1.116 1.745 0.003""",8
Association between hematocrit and the 30-day mortality of patients with sepsis,2022,patients with sepsis,2057,,HCT,30-day mortality,HCT might be an independent risk factor for the prognosis of patients with sepsis.,,,,the 30-day mortality rate was enhanced in septic patients with a low HCT level measured within 24 hours after entering the ICU,9
Luo_2022,,,,,HCT,30-day mortality rate,"Patients with low HCT level exhibit low platelets, hemoglobin, and high 30-day mortality rate.",,,,"As reflected by the results of this study, patients with the low HCT level exhibit low platelets, hemoglobin, and the high 30-day mortality rate.",10
Luo_2022,,patients with sepsis,,,HCT,prognosis of patients with sepsis,HCT is associated with the prognosis of septic patients during admission to the ICU.,,,,HCT can be applied as an independent risk factor for the prognosis of patients with sepsis.,11
Association between hematocrit and the 30-day mortality of patients with sepsis,2022,adult septic patients,,,hematocrit,30-day all-cause mortality,the hematocrit in the first 24 hours after ICU admission was independently associated with increased 30-day all-cause mortality,,,,the hematocrit in the first 24 hours after ICU admission was independently associated with increased 30-day all-cause mortality in adult septic patients but of limited sensibil- ity and specificity.,12
The Association of Preoperative Hematocrit With Adverse Events Following Exploratory Laparotomy in Septic Patients: A Retrospective Analysis,2022,septic patients,,,preoperative hematocrit,adverse events following exploratory laparotomy,,,,,The Association of Preoperative Hematocrit With Adverse Events Following Exploratory Laparotomy in Septic Patients: A Retrospective Analysis.,13
Association between hematocrit and the 30-day mortality of patients with sepsis,2022,,,,hematocrit,30-day mortality,,,,,Association between hematocrit and the 30-day mortality of patients with sepsis,14
Association between hematocrit and the 30-day mortality of patients with sepsis,2022,,,,hematocrit,30-day mortality,Hematocrit is associated with 30-day mortality in patients with sepsis.,,,,PLOS ONE Association between hematocrit and the 30-day mortality of patients with sepsis,15
Clinical outcomes and prognostic factors of patients with sepsis caused by intra‑abdominal infection in the intensive care unit: a post‑hoc analysis of a prospective cohort study in Korea,2022,patients with sepsis due to intra-abdominal infection,2126,intra-abdominal infection,,mortality,investigated the clinical outcomes and factors influencing mortality,,,,We investigated the clinical outcomes and factors influencing mortality of patients with sepsis due to IAI.,0
Park_2022,2022,patients aged > 19 years admitted to intensive care units,219,sepsis caused by IAI,,28-day mortality,Only coagulation dysfunction was independently associated with higher 28-day mortality after adjusting for risk factors.,2.78 [1.47–5.23],,0.001,"only coagulation dysfunction (odds ratio: 2.78 [1.47–5.23], p = 0.001) was independently associated",1
Park_2022,,patients with sepsis due to intra-abdominal infection (IAI),,intra-abdominal infection (IAI),,mortality rates,The primary objective was to investigate the clinical outcomes and the factors affecting the mortality in patients with sepsis due to IAI.,,,,the primary objective of our study was to investigate the clinical outcomes and the factors affecting the mortality in patients with sepsis due to IAI.,2
Park_2022,,sepsis patients aged ≥ 19 years,2126,IAI,,,,,,,Our study enrolled a total of 2126 patients with sepsis who were admitted to the participating hospitals for 6 months.,3
Park_2022,2022,,,community-acquired sepsis; in-hospital-acquired sepsis,,,,,,,"In community-acquired sepsis, time zero was defined as the time of an emergency room triage visit. In-hospital-acquired sepsis, time zero was defined as the first time the rapid response team recognized the sepsis.",4
Park_2022,,,,,,28-day mortality,Risk factors associated with 28-day mortality were analyzed by univariate and then multivariate logistic regression.,,,,Risk factors associated with 28-day mortality were analyzed by univariate and then multivariate logistic regression.,5
Park_2022,2022,patients with sepsis due to IAI,219,IAI,,28-day mortality,The 28-day mortality rate for sepsis due to IAI in the ICU was 28.8%.,,,< 0.05,the mortality rate was 28.8% (n = 63/219) for sepsis due to IAI in the ICU.,6
Park_2022,,All patients,219,Septic shock,Initial lactate level,Survival,Higher initial lactate levels were associated with non-survivors.,,,< 0.001,"Initial lactate level (mmol/L), mean (± SD) 5.3 ± 4.0 4.5 ± 3.1 7.2 ± 5.0 < 0.001",7
BMC Infectious Diseases (2022) 22:953,2022,,,septic shock,lactate,mortality,The initial lactate level was significantly higher in the non-survivor group than in the survivor group.,,,< 0.001,"The initial lactate level was significantly higher in the non-survivor group than in the survivor group (7.2 ± 5.0 vs. 4.5 ± 3.1, p < 0.001).",8
Park_2022,,patients with sepsis due to IAI,219,sepsis due to IAI,,bacteremia,"Bacteremia occurred in 49.3% of all patients, and did not differ significantly between the survivor and non-survivor groups.",,,0.781,"Bacteremia occurred in 49.3% of all patients, and did not differ significantly between the survivor and non-survivor groups (48.7% vs. 50.8%, p = 0.781).",9
Park_2022,2022,patients with sepsis due to IAI,157,IAI,,28-day mortality,"The 28-day mortality rate was more significantly affected with coagulation, CNS, renal, and respiratory dysfunctions.",2.99 [1.63–5.48] for coagulation; 2.38 [1.19–4.75] for CNS; 1.99 [1.09–3.61] for renal; 1.93 [1.06–3.5] for respiratory,,< 0.001 for coagulation; 0.014 for CNS; 0.024 for renal; 0.031 for respiratory,"""the 28-day mortality rate was more significantly affected with coagulation (OR = 2.99 [1.63–5.48], p < 0.001), CNS (OR = 2.38 [1.19–4.75], p = 0.014), renal (OR = 1.99 [1.09–3.61], p = 0.024), and respiratory (OR = 1.93 [1.06–3.5], p = 0.031) dysfunctions.""",10
Park_2022,,Patients with sepsis due to intra-abdominal infection (IAI),219,Intra-abdominal infection,,28-day mortality,The presence of organ dysfunction significantly affects 28-day mortality.,2.78 [1.47– 5.23],,0.001,"tion appeared to affect 28-day mortality significantly (OR = 2.78 [1.47– 5.23], p = 0.001)",11
Park_2022,2022,,,,,28-day mortality,"In patients with three or more organ dysfunctions, 28-day mortality was more than twice that of single organ dysfunction.",9.06 (2.64–31.15),,0.001,"the 28-day mortality was 55.6% in patients with three organ dysfunctions (OR = 9.06 [2.64–31.15], p = 0.001)",12
Park_2022,,,,sepsis due to IAI,,28-day mortality,Higher number of organ dysfunctions is associated with increased mortality in patients with sepsis due to IAI.,9.06 (2.64–31.15),0.83,0.001,"""OR of multiple organ dysfunctions for 28-day mortality in logistic regression analysis OR odds ratio, CI confidence interval C-statistics = 0.69, Hosmer–Lemeshow test p = 1.000""",13
Park_2022,2022,patients with sepsis caused by IAI,,sepsis due to IAI,"initial lactate level, initial SOFA score",mortality rate,initial lactate level and SOFA score were independent risk factors in predicting the mortality rate in patients with sepsis caused by IAI,1.13 [1.00–1.26],,< 0.001,initial lactate level and SOFA score were also independent risk factors in predicting the mortality rate in patients with sepsis caused by IAI,14
Park_2022,,,,IAI,,mortality rate,"The prognosis of patients with sepsis depends on the source controls, and the faster the source control, the lower is the mortality rate.",,,0.007,"Our study showed a significantly higher number of survivors in the source control group (46.8% vs. 27.0%, p = 0.007).",15
Park_2022,,patients with sepsis due to IAI,,sepsis due to IAI,,mortality rate,The mortality rate was more than two-fold higher in patients with three organ dysfunctions (55.6%) or four or more organ dysfunctions (50.0%) than that of patients with a single organ dysfunction (24.7%) or two organ dysfunctions (18.4%).,"9.06 for three organ dysfunctions, 7.25 for four or more organ dysfunctions",,"0.001 for three organ dysfunctions, 0.004 for four or more organ dysfunctions",the mortality rate was more than two-fold higher in patients with three organ dysfunctions (55.6%) or four or more organ dysfunctions (50.0%) than that of patients with a single organ dysfunction (24.7%) or two organ dysfunctions (18.4%),16
BMC Infectious Diseases (2022) 22:953,2022,,,sepsis caused by IAI,,28-day mortality,Coagulopathy was found to be an independent risk factor for 28-day mortality.,,,,coagulopathy was found to be an independent risk factor for 28-day mortality.,17
Park_2022,,,,,,,,,,,Diagnosis could be worse in patients with coagulopathy than in those with other organ dysfunctions due to IAI.,18
Park_2022,,,,,,,,,,,,19
Park_2022,,,,,,,,,,,This study was conducted according to the guidelines of the Declaration of Helsinki.,20
Park et al. BMC Infectious Diseases (2022) 22:953,2022,,,,,,,,,,Consent for publication Not applicable.,21
Park_2022,,,,,,,,,,,,22
Park_2022,,,,,,,,,,,,23
Park_2022,,,,,,,,,,,,24
Park_2022,,,,,,,,,,,,25
Park_2022,,,,,,,,,,,,26
Park_2022,,,,,,,,,,,,27
Risk factor analysis and nomogram for predicting in‑hospital mortality in ICU patients with sepsis and lung infection,2022,ICU patients with sepsis and lung infection,,sepsis with lung infection,"lactate, Troponin T (TnT), neutrophil-to-lymphocyte ratio (NLR)",in-hospital mortality,The nomogram had better discrimination ability compared to SOFA and SAPSII scores.,,0.743 (95% C.I.: 0.713–0.773) in training set; 0.746 (95% C.I.: 0.699–0.790) in validation set,,"the nomogram had better discrimination ability, with areas under the receiver operating characteristic curve (AUROC) of 0.743 (95% C.I.: 0.713–0.773) and 0.746 (95% C.I.: 0.699–0.790) in the training and validation sets, respectively.",0
Ren_2022,2021,ICU patients with sepsis and lung infection,,sepsis,,in-hospital mortality,Our new nomogram is a convenient tool for accurate predictions of in-hospital mortality among ICU patients with sepsis and lung infection.,,,,Our new nomogram is a convenient tool for accurate predictions of in-hospital mortality among ICU patients with sepsis and lung infection.,1
BMC Pulmonary Medicine (2022),2022,sepsis patients with lung infection,,lung infection,,mortality rates,"If patients with sepsis and lung infection can be assessed early, and appropriate treatment strategies can be applied in time, mortality rates can be effectively reduced.",,,,more than 40% of sepsis patients have lung infections,2
Ren_2022,,ICU patients with sepsis and lung infection,,sepsis with lung infection,,in-hospital mortality,constructed a nomogram prediction model to evaluate patient conditions and predict prognostic outcomes,,,,"constructed a nomogram prediction model, and compared it with the SOFA score and Simplified Acute Physiology Score II (SAPSII) systems to accurately evaluate patient conditions, predict the prognostic outcome",3
Ren_2022,,patients diagnosed with sepsis and pneumonia,,pneumonia,,discharge outcome,,,,,"We extracted patients diagnosed sepsis and pneumonia(including all pathogen infection like bacteria, virus and fungus) according to the ICD-9",4
Ren_2022,2022,,,sepsis and lung infection,,in-hospital mortality,An original nomogram for predicting in-hospital mortality of patients with sepsis and lung infection was constructed using the training set.,,,,An original nomogram for predicting in-hospital mortality of patients with sepsis and lung infection was constructed using the training set.,5
Ren_2022,2022,cases with sepsis and lung infection,1948,lung infection,,survival to discharge,Patients who survived to discharge had significantly lower age and better vital signs compared to those who died in hospital.,,,< 0.001,"""Survived to discharge N = 1191 Died in hospital N = 485 P value Demographics Age (years) 58.84 ± 13.95 62.13 ± 12.60 < 0.001*""",6
Ren_2022,2022,patients with sepsis and lung infection,1676,sepsis and lung infection,,in-hospital mortality,demographic and clinical characteristics differed significantly between the death and survival groups,,,,"""1676 patients with sepsis and lung infection were included in our study""",7
Ren_2022,,patients with sepsis and lung infection,N/A,sepsis,oxygenation index,in-hospital mortality,The nomogram for predicting in-hospital mortality has a higher AUROC than SOFA and SAPSII in both training and validation sets.,,"0.743 (training set) vs 0.647 (SOFA), 0.743 (training set) vs 0.707 (SAPSII); 0.746 (validation set) vs 0.596 (SOFA)",,"""the nomogram’ AUROC is higher than SOFA (0.743 vs 0.647) and SAPSII (0.743 vs 0.707)""",8
Ren_2022,2022,,,,,in-hospital mortality,The nomogram is more effective in predicting in-hospital mortality of patients in our study.,,0.746 vs 0.664,p < 0.01,indicating that the nomogram is more effective in predicting in-hospital mortality of patients in our study.,9
Ren_2022,,,,,,hospital deaths of patients,Interventions based on the nomogram could provide better prognoses than the SOFA score and SAPSII when the probability threshold was between 0.1 and 0.6.,1.02,,0.048,"""Risk factors related to hospital deaths of patients identified by multivariable logistic regression""",10
Ren et al. BMC Pulmonary Medicine (2022) 22:17,2022,sepsis patients with lung infection,,lung infection,"plasma albumin, plasma IgG",patient prognosis,Variables closely related to patient prognoses include vital signs and test results.,,,,the present multivariate logistic regression analyses of sepsis patients with lung infection...,11
Ren_2022,2022,patients with sepsis and lung infection,,lung infection,,in-hospital survival,"Body temperature, SpO2, and bicarbonate are positively correlated with in-hospital survival of patients with sepsis and lung infection.",1.07,,,"the OR values of body temperature, SpO2, and bicarbonate were less than 1, indicating that they are positively correlated with in-hospital survival of patients with sepsis and lung infection.",12
Ren_2022,,sepsis and septic shock patients with lung infections,,sepsis,"hypoalbuminemia, low base excess values, respiratory rate",in-hospital mortality,interventions based on the nomogram could provide better prognoses than the SOFA score and SAPSII,,,,"Liver disease had the largest weighting factor in our model, indicating that it is the most significant predictor for the in-hospital mortality of patients with sepsis",13
Ren_2022,2022,,,,,,The AUROC of nomogram is bigger than that of SOFA and SAPSII in both training set and validation set.,,0.743 (0.713–0.773) for training set nomogram; 0.746 (0.699–0.790) for validation set nomogram,< 0.01 for SOFA vs nomogram in training set; < 0.01 for SOFA vs nomogram in validation set,"""The AUROC of nomogram is bigger than it of SOFA and SAPSII in both training set and validation set""",14
Ren_2022,,patients with sepsis,,,NLR,patient mortality,NLR is closely related to patient mortality in sepsis.,,,,"Our study found that cancer and the NLR are closely related to patient mortality, and these factors are closely related to the immune status of each patient.",15
BMC Pulmonary Medicine,2022,ICU patients with sepsis and lung infection,,sepsis,"lactate, TnT, NLR",in-hospital mortality,The present novel nomogram can accurately predict the in-hospital mortality of ICU patients with sepsis and lung infection.,,,,"The present novel nomogram that includes the variables of age, lactate, temperature, oxygenation index, BUN, GCS score, liver disease, cancer, organ transplantation, TnT, NLR, and CRRT, MV, and vasopressor use can be applied to accurately predict the in-hospital mortality of ICU patients with sepsis and lung infection.",16
Ren_2022,,,,,,,,,,,,17
Ren_2022,,,,,,,,,,,,18
Ren et al. BMC Pulmonary Medicine (2022),2022,,,,,,,,,,,19
"Prognostic accuracy of the serum lactate level, the SOFA score and the qSOFA score for mortality among adults with Sepsis",2019,adults with Sepsis,,,serum lactate level,mortality,The study evaluates the prognostic accuracy of serum lactate level for mortality in sepsis.,,,,"Prognostic accuracy of the serum lactate level, the SOFA score and the qSOFA score for mortality among adults with Sepsis.",20
Ren_2022,,,,,,,,,,,,21
Neutrophil to lymphocyte ratio (NLR) as a prognostic marker for in-hospital mortality of patients with sepsis,2019,,,,Neutrophil to lymphocyte ratio (NLR),in-hospital mortality,,,,,Neutrophil to lymphocyte ratio (NLR) as a prognostic marker for in-hospital mortality of patients with sepsis.,22
Factors predicting long-term survival of patients with sepsis on arrival at the emergency department,2019,Patients with sepsis,446,"sepsis, including septic shock",,180-day and 365-day mortality rates,Long-term prognosis models based on baseline patient characteristics and treatments are useful for predicting the 6- and 12-month mortality rates of patients with sepsis.,,"0.713 for 180-day model, 0.697 for 365-day model",P<.001,"The areas under the receiver operating characteristic curves of the 180- and 365-day models were 0.713 (95% confidence interval [CI] 0.668–0.756, P<.001) and 0.697 (95% CI 0.650–0.740, P<.001), respectively.",0
Roh_2019,,,,,,,,,,,"According to the surviving sepsis campaign (SSC), early recognition and management of sepsis is associated with better outcomes.",1
Roh_2019,2019,"patients with sepsis, including septic shock",,sepsis,,long-term mortality,prognostic indicators for predicting long-term mortality and to develop models prognostic of 180- and 365-day survival,,,,"The aim of the present study therefore was to investigate prognostic indicators for predicting long-term mortality and to develop models prognostic of 180- and 365-day survival in patients with sepsis, including septic shock, who are admitted to the emergency department (ED).",2
Roh_2019,,adult subjects admitted to the medical ICU,,sepsis and septic shock,,mortality at 1-year after arrival in the ED,,,,,"All adult subjects admitted to the medical ICU via the ED between July 1, 2014, and June 30, 2017, were screened, and subjects diagnosed with sepsis and septic shock were enrolled in the study.",3
Roh_2019,,,,,,mortality at 180 and 365 days after arrival in the ED,,,,,Mortality at 180 and 365 days after arrival in the ED among patients discharged from the hospital was assessed by review of the National Health Insurance Service Database.,4
Roh_2019,2019,patients admitted to the medical ICU,1145,sepsis and/or septic shock,,180- and 365-day mortality,"Age ≥65 years, BMI ≤18.5 kg/m2, hemato-oncologic diseases, and ventilator care during ICU stay were significant prognostic indicators for mortality.",,,,"In the multivariate analyses, 4 factors (age ≥65 years, BMI ≤18.5kg/m2, hemato-oncologic diseases as comorbidities, and ventilator care during ICU stay) were significant prognostic indicators on 180- and 365-day mortality, respectively.",5
Roh_2019,,,,,,mortality,"Four factors were associated with mortality at both time points: age ≥65 years, BMI <18.5 kg/m2, hemato-oncologic diseases as comorbidities, and ventilator care during ICU stay.",,"0.716 for 180-day model, 0.700 for 365-day model",P<.001 for all,"""4 factors were associated with mortality at both time points: age ≥65 years (+ 1 point); BMI <18.5kg/m2 (+1 point); hemato-oncologic diseases as comorbidities (+1 point); and ventilator care during ICU stay (+1 point).""",6
Roh_2019,,Patients with sepsis,446,,,180-day cumulative mortality,40.6% of patients had 180-day cumulative mortality,,,,180-day cumulative mortality 181 (40.6),7
Roh et al. Medicine (2019) 98:33,2019,Korean patients with sepsis,401,sepsis and septic shock,Lactate,6-month and 1-year mortality rates,"Identified 4 factors as prognostic of long-term mortality: older age, being underweight, hemato-oncologic diseases as comorbidities, and ventilator care during ICU stay.",,good discrimination and calibration for predicting long-term mortality,,These long-term prognostic models based on the AUCs showed good discrimination and calibration for predicting long-term mortality during each period.,8
Roh_2019,,patients with sepsis and septic shock,,sepsis and septic shock,,1-year mortality,"Older age, male sex, and the presence of comorbidities are independent predictors of post-acute mortality in sepsis survivors.",,,,Older age was associated with 1-year mortality.,9
Roh_2019,,Korean ICU patients,,sepsis and septic shock,,180-day mortality,Age ≥65 years and BMI <18.5kg/m2 are associated with increased mortality rates in sepsis patients.,2.206 (1.440–3.379) for age ≥65 years; 3.544 (2.101–5.979) for BMI <18.5kg/m2,,<.001 for both age and BMI,"""Age ≥65 years 2.206 (1.440–3.379) <.001; BMI <18.5kg/m2 3.544 (2.101–5.979) <.0""",10
Roh et al. Medicine (2019) 98:33,2019,,,sepsis,,365-day mortality,"The AUCs for the 365-day model, the APACHE II scores, and the SOFA scores were 0.697, 0.701, and 0.626, respectively.",,"0.697 (95% CI, 0.650–0.741 P<.001)",<.001,"The AUCs for the 365-day model, the APACHE II scores, and the SOFA scores were 0.697 (95% CI, 0.650–0.741 P<.001), 0.701 (95% CI, 0.655–0.745, P<.001), and 0.626 (95% CI, 0.578–0.673, P<.001), respectively.",11
Roh et al. Medicine (2019) 98:33,2019,patients with sepsis and septic shock,,sepsis and septic shock,,6-month and 1-year mortality rates,"4 factors (older age [age ≥65 years], being underweight [BMI <18.5kg/m2], hemato-oncologic diseases as comorbidities, and ventilator care during ICU stay) were prognostic of mortality rates.",,,,"our analysis shows that 4 factors (older age [age ≥65 years], being underweight [BMI <18.5kg/m2], hemato-oncologic diseases as comorbidities, and ventilator care during ICU stay) were prognostic of 6-month and 1-year mortality rates in patients with sepsis and septic shock.",12
"Predicting mortality in patients with suspected sepsis at the Emergency Department; a retrospective cohort study comparing qSOFA, SIRS and National Early Warning Score",2019,patients with suspected sepsis at the Emergency Department,,,,mortality,"The study compares qSOFA, SIRS, and National Early Warning Score for predicting mortality.",,,,"""Predicting mortality in patients with suspected sepsis at the Emergency Department; a retrospective cohort study comparing qSOFA, SIRS and National Early Warning Score.""",13
Roh_2019,,,,,,,,,,,,14
Roh et al. Medicine (2019) 98:33,,,,,,,,,,,,15
"Prognostic accuracy of age‑adapted SOFA, SIRS, PELOD‑2, and qSOFA for in‑hospital mortality among children with suspected infection admitted to the intensive care unit",2018,children with suspected infection,2594,infection,,ICU mortality,Adapting Sepsis-3 to age-specific criteria performs better than Sepsis-2-based criteria.,,0.829,< 0.001,The discrimination of outcomes was significantly higher for SOFA (adjusted AUROC 0.829; 0.791–0.868) and PELOD-2 (0.816; 0.777–0.854) than for qSOFA (0.739; 0.695–0.784) and SIRS (0.710; 0.664–0.756).,0
Schlapbach_2018,,paediatric,,,,,Our findings support the translation of Sepsis-3 into paediatric-specific sepsis definitions and highlight the importance of robust paediatric organ dysfunction characterization.,,,,Our findings support the translation of Sepsis-3 into paediatric-specific sepsis definitions and highlight the importance of robust paediatric organ dysfunction characterization.,1
Schlapbach_2018,,patients < 18 years admitted to ICUs in Australia and New Zealand,,pediatric sepsis,,in-hospital mortality,the presence of organ dysfunction would better identify patients at substantially higher mortality in comparison to the presence of ≥ 2 SIRS criteria,,,,"We hypothesized that in children admitted to ICU with infection, the presence of organ dysfunction would better identify patients at substantially higher mortality in comparison to the presence of ≥ 2 SIRS criteria.",2
Schlapbach_2018,,children with infections,,severe sepsis,,mortality risk,The SIRS criteria lack specificity to identify children with infection at substantially higher risk of mortality. Adapting Sepsis-3 criteria using age-specific SOFA scores performs better than Sepsis-2-based criteria.,,,,The SIRS criteria lack specificity to identify children with infection at substantially higher risk of mortality.,3
Schlapbach_2018,,children admitted to ICU with infection,2293,SIRS criteria,,mortality or ICU stay ≥ 3 days,Presence of 2 or more SIRS criteria is associated with higher rates of secondary outcomes.,,,,"""2 or More SIRS criteria Not present 413 18.2 13 3.2 120 29.1 Present 1858 81.8 126 6.8 758 40.8""",4
Schlapbach_2018,,paediatric ICU admission encounters due to infection,2594,severe sepsis,SIRS criteria,mortality,Mortality increased from 3.1% in presence of < 2 SIRS criteria to 6.8% if ≥ 2 SIRS criteria were present.,,,0.005,Mortality increased from 3.1% in presence of < 2 SIRS criteria to 6.8% if ≥ 2 SIRS criteria were present.,5
Schlapbach_2018,,patients < 18 years with infection,,,"SIRS criteria, SOFA score, PELOD-2 score, qSOFA score",mortality and secondary outcome,"The relative odds of death increased in the presence of paediatric SIRS and ≥ 2 SIRS criteria, with each additional SIRS criterion associated with a 50% increase in the relative odds for the primary outcome.","1.83, 2.00, 1.54, 1.50, 1.50",,"0.015, 0.023, < 0.001, < 0.001, < 0.001","""the relative odds of death increased in the presence of paediatric SIRS (OR 1.83, 95% CI 1.13–2.99, p = 0.015)""",6
Schlapbach_2018,,children,1200,,PELOD-2,mortality,PELOD-2 score ≥ 8 identified patients at higher mortality with a mortality of 22.2%.,,0.812,< 0.001,"The best binary performance for PELOD-2 was using a cutpoint score of ≥ 8, resulting in an adjusted AUROC for in-hospital mortality of 0.812 (95% CI 0.774–0.851)",7
Schlapbach_2018,,children aged < 18 years,2594,severe sepsis,,in-hospital mortality,"SOFA and PELOD-2 showed superior prognostic accuracy for in-hospital mortality compared to SIRS, severe sepsis, or qSOFA.",,,,"""We observed superior prognostic accuracy of SOFA and PELOD-2, both for in-hospital mortality and for the composite outcome of in-hospital mortality or ICU length of stay of ≥ 3 days, in comparison with SIRS, severe sepsis, or qSOFA.""",8
Schlapbach_2018,,pediatric patients admitted to ICU with infection,,severe sepsis,SIRS,in-hospital mortality,"≥ 2 SIRS criteria are present in 81.8% of pediatric patients admitted to ICU with infection, resulting in poor specificity and poor positive predictive value to capture patients at risk for adverse outcomes.",,0.559 (0.528–0.591),,"≥ 2 SIRS criteria are present in 81.8% of pediatric patients admitted to ICU with infection, resulting in poor specificity and poor positive predictive value to capture patients at risk for adverse outcomes.",9
Schlapbach_2018,,pediatric,185,severe sepsis,,hospital mortality,Both age-adapted SOFA and PELOD-2 were superior to SIRS in identifying patients with infection at greater risk of mortality.,,,,Our findings support abandoning SIRS since operationalising inflammation performs inferior to operationalising organ dysfunction when predicting death or prolonged ICU stay as outcomes.,10
Schlapbach_2018,,paediatric patients with sepsis,,,,in-hospital mortality,PELOD ≥ 8 performed best in our study for capturing patients with organ dysfunction.,,,,"""Our findings support the operationalization of clinical criteria to paediatric patients with sepsis""",11
Schlapbach_2018,,patients < 18 years,,sepsis and septic shock,qSOFA,mortality and/or PICU length of stay ≥ 3 days,the performance of our adapted qSOFA score to identify children who subsequently died or had prolonged length of stay was only moderate,,,,the performance of our adapted qSOFA score to identify children who subsequently died or had prolonged length of stay was only moderate,12
Schlapbach_2018,,children admitted to ICUs with suspected and confirmed infection,149,paediatric sepsis,,mortality,a small set of clinical variables available within the first hour of PICU admission allows to establish robust severity stratification for paediatric sepsis mortality,,,,a small set of clinical variables available within the first hour of PICU admission allows to establish robust severity stratification for paediatric sepsis mortality,13
Schlapbach_2018,,critically ill children,,paediatric sepsis,serum lactate levels,in-hospital mortality,SOFA and PELOD-2 had significantly greater prognostic accuracy for in-hospital mortality compared to SIRS criteria.,,,,Several studies have identified lactate as one of the best predictors of paediatric sepsis severity.,14
Schlapbach_2018,,,,,,,,,,,,15
"Mortality related to invasive infections, sepsis, and septic shock in critically ill children in Australia and New Zealand, 2002–13: a multicentre retrospective cohort study",2015,critically ill children in Australia and New Zealand,,,,,,,,,"Mortality related to invasive infections, sepsis, and septic shock in critically ill children in Australia and New Zealand, 2002–13: a multicentre retrospective cohort study.",16
Prediction of pediatric sepsis mortality within 1 h of intensive care admission,2017,critically ill infants,,pediatric sepsis,,mortality,Prediction of pediatric sepsis mortality within 1 h of intensive care admission,,,,Prediction of pediatric sepsis mortality within 1 h of intensive care admission.,17
Schlapbach_2018,,children,,,,,,,,,,18
Venous versus arterial lactate and 30-day mortality in pediatric sepsis,2017,critically ill children,,pediatric sepsis,lactate,30-day mortality,Association between early lactate levels and 30-day mortality in clinically suspected sepsis in children.,,,,Association between early lactate levels and 30-day mortality in clinically suspected sepsis in children.,19
Assessment of Clinical Criteria for Sepsis For the Third International Consensus Definitions for Sepsis and Septic Shock (Sepsis-3),2016,patients with suspected infection,1.3 million electronic health record encounters,,,in-hospital mortality,The performance of clinical criteria for this sepsis definition is unknown.,,,,The performance of clinical criteria for this sepsis definition is unknown.,0
Seymour_2016,2016,ICU and non-ICU encounters with suspected infection,148907,suspected infection,"qSOFA, SOFA, SIRS, LODS",in-hospital mortality,"Among ICU encounters, SOFA had greater predictive validity than SIRS and qSOFA; among non-ICU encounters, qSOFA had greater predictive validity than SOFA and SIRS.",3-14,0.64-0.81,< .001,"""the predictive validity for in-hospital mortality of SOFA was not significantly different than the more complex LODS but was statistically greater than SIRS and qSOFA""",1
CARING FOR THE CRITICALLY ILL PATIENT,2016,,,,,,,,,,"Although common and associated with high morbidity and mortality, sepsis and related terms remain difficult to define.",2
Seymour_2016,,adult encounters (age ≥18 years) with suspected infection,,,,,The purpose of this study was to inform recommendations for clinical criteria that could be used to identify sepsis among patients with suspected or confirmed infection.,,,,The purpose of this study was to inform this step by analyzing data from several large hospital databases to explore the construct validity and criterion validity of existing and novel criteria associated with sepsis.,3
Seymour_2016,,patients with suspected infection,,community and nosocomial infections,,,,,,,"These cohorts were selected because they included patient encounters from different phases of acute care (out of hospital, emergency department, hospital ward) and countries (United States and Germany) with different types of infection (community and nosocomial).",4
Seymour_2016,,,,,,,,,,,"the maximum SIRS criteria, SOFA score, and modified LODS score were calculated for the time window from 48 hours before to 24 hours after the onset of infection",5
Seymour_2016,,,,sepsis,,in-hospital mortality,A simple model (qSOFA) was developed to predict in-hospital mortality in sepsis patients.,,AUROC,,Based on the assumption that hospital mortality would be far more common in encounters with infected patients who have sepsis than in those who do not.,6
Seymour_2016,,patients with suspected infection,,sepsis,,in-hospital mortality,The predictive validity of the candidate criteria was assessed with outcomes that are objective and easily measured across multiple hospitals.,,,,"These outcomes are objective, easily measured across multiple hospitals in US/non-US cohorts, and are more likely to be present in encounters with patients with sepsis than those with uncomplicated infection.",7
Assessment of Clinical Criteria for Sepsis,2016,,,,serum lactate,predictive validity,Measurement of serum lactate improves predictive validity of new criteria in sepsis.,,,,"Because serum lactate is widely used as a screening tool in sepsis, how its measurement would improve predictive validity of new criteria in sepsis.",8
Seymour_2016,,patients with suspected infection,"1,309,025",,serum lactate,mortality,mortality was low (4%),,,≤.05,mortality was low (4%),9
Seymour_2016,,"Integrated health system in southwestern Pennsylvania, northern California, all hospitals in the US, VA system, single university hospital in Jena, Germany, out-of-hospital records from King County, Washington","1,309,025; 1,847,165; 1,640,543; 38,098; 50,727",suspected infection,,in-hospital mortality,"In-hospital mortality rates varied across different cohorts, with the highest being 18% in the single university hospital in Jena, Germany.",,,,"""In-hospital mortality, No. (%) infected: 6347 (4) 16 092 (5) 22 593 (6) 210 (18) 700 (11)""",10
Assessment of Clinical Criteria for Sepsis Original Investigation Research,2016,Patients with hospital-acquired infections,"28,286",hospital-acquired infection,serum lactate,in-hospital mortality,"Among UPMC encounters, 28,286 (19%) had in-hospital mortality plus intensive care unit length of stay of 3 days or longer.",,,,"Among UPMC encounters, 28 286 (19%) had in-hospital mortality plus intensive care unit length of stay of 3 days or longer.",11
Seymour_2016,,ICU encounters with suspected infection,7932,,"SOFA, LODS, SIRS",hospital mortality,SOFA and LODS had greater predictive validity for hospital mortality compared to SIRS.,,0.74 for SOFA; 0.75 for LODS; 0.64 for SIRS,< .001 for either LODS or SOFA vs SIRS,"""the predictive validity for hospital mortality using SOFA (AUROC = 0.74) and LODS (AUROC = 0.75) were not statistically different but were statistically greater than that of SIRS (AUROC = 0.64)""",12
Assessment of Clinical Criteria for Sepsis,2016,Patients with suspected infection outside of the ICU,"66,522",,,in-hospital mortality,Encounters with 2 or more vs less than 2 SIRS criteria had a 2- to 7-fold increase in the rate of in-hospital mortality compared with up to an 80-fold change for 2 or more vs less than 2 SOFA points.,,,,"""Encounters with 2 or more vs less than 2 SIRS criteria had a 2- to 7-fold increase in the rate of in-hospital mortality compared with up to an 80-fold change for 2 or more vs less than 2 SOFA points.""",13
Seymour_2016,,Encounters with suspected infection in the primary cohort at 12 UPMC hospitals,148907,,Serum lactate,,,,,,"Serum lactate measured on day of infection, No. (%) 13 492 (9)",14
Assessment of Clinical Criteria for Sepsis,2016,,,,Serum lactate,Hospital mortality,Hospital mortality was higher in patients with serum lactate ≥2.0 mmol/L.,,,,"Hospital mortality, No. (%) 6347 (4) 1298 (17) 1874 (3) 1289 (16) 1886 (3)",15
Assessment of Clinical Criteria for Sepsis,2016,ICU and Non-ICU Patients with Suspected Infection,"74,454",,,hospital mortality,"The discrimination of hospital mortality using SOFA, LODS, or change in SOFA scores was significantly greater compared with SIRS criteria.",,"0.79 for SOFA, 0.82 for LODS, 0.79 for change in SOFA, 0.76 for SIRS",< .01,"The discrimination of hospital mortality using SOFA (AUROC = 0.79;95%CI,0.78-0.80), LODS (AUROC = 0.82;95% CI, 0.81-0.83), or change in SOFA (AUROC = 0.79; 95% CI, 0.78- 0.79) scores was significantly greater compared with SIRS criteria (AUROC = 0.76; 95% CI, 0.75-0.77; P < .01 for a",16
Seymour_2016,,,,,qSOFA,in-hospital mortality,"The predictive validity of qSOFA was good for in-hospital mortality (AUROC = 0.81; 95% CI, 0.80-0.82)",,0.81,,"The predictive validity of qSOFA was good for in-hospital mortality (AUROC = 0.81; 95% CI, 0.80-0.82)",17
Seymour_2016,,patient encounters,706399,suspected infection,qSOFA,in-hospital mortality,"The qSOFA was tested in 4 external data sets comprising 706,399 patient encounters and showed significant predictive value for in-hospital mortality.",,0.66 (0.64-0.68),<.001,"""The qSOFA was tested in 4 external data sets comprising 706 399 patient encounters at 165 hospitals""",18
Assessment of Clinical Criteria for Sepsis Original Investigation Research,2016,community infection and hospital-acquired infection,,,serum lactate,predictive validity of qSOFA,The post hoc addition of serum lactate levels of 2.0 mmol/L or more to qSOFA statistically changed the predictive validity of qSOFA.,,0.80,P < .001,the post hoc addition of serum lactate levels of 2.0 mmol/L (18 mg/dL) or more to qSOFA...statistically changed the predictive validity of qSOFA,19
Seymour_2016,,ICU and non-ICU encounters,"74,454",,serum lactate,in-hospital mortality,In-hospital mortality was higher for encounters with serum lactate levels of 2.0 mmol/L or more compared to those with levels less than 2.0 mmol/L.,,,,"""Among encounters with 1 qSOFA point but also a serum lactate level of 2.0 mmol/L or more, in-hospital mortality was higher than that for encounters with serum lactate levels of less than 2.0 mmol/L across the range of baseline risk.""",20
Assessment of Clinical Criteria for Sepsis,2016,ICU and non-ICU patients with pneumonia,,,"SOFA, SIRS, qSOFA",in-hospital mortality,The chance of dying in the hospital is significantly higher with increased SOFA and qSOFA points compared to SIRS criteria.,"10-fold for SOFA points, 7-fold for qSOFA points",0.83,< .001,her chance of dying in the hospital is 10-fold greater if she has 3 SOFA points compared with 1 SOFA point,21
Seymour_2016,,patients with suspected infection,321,,qSOFA,In-Hospital Mortality,qSOFA had statistically greater predictive validity compared with SIRS criteria.,,0.78 (0.78-0.78),,"""Among encounters with suspected infection in the ICU, SOFA and LODS had statistically greater predictive validity compared with SIRS criteria.""",22
Assessment of Clinical Criteria for Sepsis,2016,UPMC Derivation Cohort,74 453,,qSOFA,In-Hospital Mortality,"The predictive validity of qSOFA was robust to evaluation under varied measurement conditions, in academic and community hospitals.",3.18 (2.89-3.50) for respiratory rate ≥22,,,"The predictive validity of qSOFA was robust to evaluation under varied measurement conditions, in academic and community hospitals.",23
Seymour_2016,,infected patients outside of the ICU,,,,early recognition of sepsis,qSOFA has a predictive validity outside of the ICU that is statistically greater than the SOFA score,,,P < .001,"a simple model (qSOFA) uses 3 clinical variables, has no laboratory tests, and has a predictive validity outside of the ICU that is statistically greater than the SOFA score (P < .001)",24
Seymour_2016,,ICU encounters,,sepsis,serum lactate levels,predictive validity,serum lactate levels increased predictive validity when added to qSOFA in a health system where lactate levels were commonly measured,,,,the predictive validity was statistically increased but with little difference in how encounters were classified,25
Seymour_2016,,patients in the ICU,,,qSOFA,predictive validity,"The qSOFA score had statistically worse predictive validity in the ICU, likely related to the confounding effects of ongoing organ support.",,,,"The qSOFA score had statistically worse predictive validity in the ICU, likely related to the confounding effects of ongoing organ support.",26
Assessment of Clinical Criteria for Sepsis,2016,,,,,,,,,,we illustrated the predictive validity of various criteria across a full range of underlying risk determined from comorbidity and demographics.,27
Seymour_2016,,ICU encounters with suspected infection,,,,in-hospital mortality,The predictive validity for in-hospital mortality of SOFA was not significantly different than LODS but was statistically greater than SIRS and qSOFA.,,,,the predictive validity for in-hospital mortality of SOFA was not significantly different than the more complex LODS but was statistically greater than SIRS and qSOFA,28
Seymour_2016,,,,,,,,,,,,29
Seymour_2016,,,,,,,,,,,,30
Assessment of Clinical Criteria for Sepsis,2016,,,,,,,,,,Assessment of Clinical Criteria for Sepsis Original Investigation Research,31
Seymour_2016,,,,,,,,,,,,32
Prediction of critical illness during out-of-hospital emergency care,2010,,,,,,,,,,Prediction of critical illness during out-of-hospital emergency care.,33
Seymour_2016,,,,,,,,,,,,34
Assessment of Clinical Criteria for Sepsis,2016,,,,,,,,,,Assessment of Clinical Criteria for Sepsis,35
Comparison of Pediatric Sequential Organ Failure Assessment and Pediatric Risk of Mortality III Score as Mortality Prediction in Pediatric Intensive Care Unit,2022,critically ill children,286,,,mortality within 30 days,The p-SOFA and PRISM scores were significantly greater in children who did not survive than survivors.,,,,The 30-day mortality was estimated as 57%.,0
structured,,critically ill children,,,,30-day mortality,The p-SOFA score is a good predictor for 30-day mortality in critically ill children and had better accuracy than the PRISM III 24 score.,,0.81,0.001,the p-SOFA score is a good predictor for 30-day mortality in critically ill children and had better accuracy than the PRISM III 24 score.,1
Comparison of Pediatric Sequential Organ Failure Assessment and Pediatric Risk of Mortality III Score as Mortality Prediction in Pediatric Intensive Care Unit,2022,critically ill children,,,,mortality prediction,The aim of our study was to assess and compare the diagnostic accuracy of the PRISM III and the p-SOFA for the prediction of mortality in critically ill children.,,,,the aim of our study was to assess and compare the diagnostic accuracy of the PRISM III and the p-SOFA for the prediction of mortality in critically ill children.,2
structured,,critically ill children aged one month to 15 years,286,,"p-SOFA score, PRISM III score",mortality within 30 days,p-SOFA score of higher than 2 and PRISM III score of higher than 8 are predictors of mortality,,,,p-SOFA score of higher than 2 is considered as a predictor of mortality.,3
Cureus 14(1): e21055,2022,children,286,,p-SOFA score,30-day mortality,Children who did not survive had a significantly higher p-SOFA score than survivors.,,,0.0001,We found that children who did not survive had a significantly higher p-SOFA score than survivors (8 [range: 1-20] vs 4 [range: 0-14]; p=0.0001; Table 1).,4
Cureus 14(1): e21055,2022,children,,,p-SOFA,30-day mortality,The maximal p-SOFA exhibited good discrimination for 30-day mortality.,,0.81 (0.76-0.86),0.0001,the maximal p-SOFA exhibited good discrimination for 30-day mortality.,5
Risk of Mortality,2022,Pediatric Intensive Care Unit patients,286,,p-SOFA score,30-day mortality,The p-SOFA score was positively associated with the PRISM III 24 score.,,,0.001,"We observed that the p-SOFA score was positively associated with the PRISM III 24 score (r=0.712, p=0.001).",6
structured,,critically ill children,286,,,30-day death,The validity of the PRISM III 24 score and the p-SOFA score for predicting 30-day death was evaluated in critically ill children admitted to the PICU.,,,,we evaluated the validity of the PRISM III 24 score and the p- SOFA score for predicting 30-day death in 286 critically ill children admitted to the PICU,7
structured,2022,PICU children,75,,"p-SOFA, PRISM III 24",30-day mortality,p-SOFA and PRISM III 24 scores at the time of admission to the PICU were found to be good predictors of death within 30 days.,,0.81,0.513,the AUC value of 0.81 for the prediction of 30-day mortality was good for the p-SOFA score.,8
structured,,critically ill children in PICU,,,p-SOFA,30-day mortality,p-SOFA was a better predictor of 30-day death among critically ill children than PRISM III,,,,p-SOFA was a better predictor of 30-day death among critically ill children than PRISM III in our study,9
structured,,critically ill children,,,,30-day mortality,the p-SOFA score is a good predictor for 30-day mortality in critically ill children with better accuracy than the PRISM III 24 score,,,,the p-SOFA score is a good predictor for 30-day mortality in critically ill children with better accuracy than the PRISM III 24 score,10
"Comparison of the pediatric risk of mortality, pediatric index of mortality, and pediatric index of mortality 2 models in a pediatric intensive care unit in China: a validation study",2017,,,,,,,,,,"Comparison of the pediatric risk of mortality, pediatric index of mortality, and pediatric index of mortality 2 models in a pediatric intensive care unit in China: a validation study.",11
Validity of PRISM score in predicting mortality in a tertiary care hospital in North India,2018,children,,,,mortality,The study evaluates the validity of the PRISM score in predicting mortality.,,,,Validity of PRISM score in predicting mortality in a tertiary care hospital in North India.,12
structured,2020,critically ill children,,,,,,,,,the clinical outcome of critically ill children,13
The Accuracy of Sepsis Screening Score for Mortality Prediction at Emergency Department Triage,2022,adult patients with sepsis,,,,28-day mortality,This study compared the accuracy of the scores for predicting 28-day mortality in adult patients with sepsis in the triage area of the ED.,,,,This study compared the accuracy of the scores for predicting 28-day mortality in adult patients with sepsis in the triage area of the ED.,0
Suttapanit_2022,2022,patients with an initial diagnosis of sepsis or other infection-related conditions,550,sepsis,National Early Warning Score (NEWS),28-day mortality,"The NEWS outperforms qSOFA, SOS, SIRS, and ESI triage in predicting 28-day mortality, mechanical ventilator, and vasopressor usage of a patient with sepsis who is seen at ED triage.",,0.770,,The NEWS also provided a higher AUROC and outperformed for 28-day mechanical ventilator usage and 28-day vasopressor usage.,1
Accuracy of Sepsis Screening Score for Mortality Prediction at ED Triage,2022,,,,,mortality prediction,"The National Early Warning Score outperforms other sepsis screening tools in predicting mortality, need for ventilator and vasopressors for patients evaluated at ED triage.",,0.77,,"The National Early Warning Score outperforms other sepsis screening tools (area under the receiver operator characteristic curve of 0.77) in predicting mortality, need for ventilator and vasopressors for patients evaluated at ED triage.",2
Suttapanit_2022,,adult patients with sepsis or infection-related conditions,,sepsis,,28-day mortality,The implementation of a combined SOS score for screening with a checklist for sepsis bundles could decrease the mortality rate in Thailand.,,,,"This study compares the accuracy of qSOFA, NEWS, SOS, SIRS, and ESI triage for predicting 28-day mortality in adult patients with sepsis.",3
Accuracy of Sepsis Screening Score for Mortality Prediction at ED Triage,2022,patients in the ED,550,,,mortality,The mortality rate for sepsis is 39%.,,,<0.05,"The mortality rate for sepsis is 39%, as reported in a previous study.",4
Suttapanit_2022,,,,,,28-day mortality,"The primary outcome, 28-day mortality, was best detected by NEWS (area under the receiver operating characteristic curve [AUROC] = 0.770; 95% CI: 0.705-0.835)",,0.770,<0.001,"The primary outcome, 28-day mortality, was best detected by NEWS (area under the receiver operating characteristic curve [AUROC] = 0.770; 95% CI: 0.705-0.835)",5
Accuracy of Sepsis Screening Score for Mortality Prediction at ED Triage,2022,All,550,severe sepsis and septic shock,NEWS,28-day mortality,NEWS has the best predictive performance for the 28-day mortality of sepsis patients at the triage area of the ED.,,0.5884,,Our study demonstrates that NEWS has the best predictive performance for the 28-day mortality of sepsis patients at the triage area of the ED.,6
Suttapanit_2022,,,,,Venous lactate,Disposition,Higher venous lactate levels were associated with lower discharge rates.,,,<0.001,"""Venous lactate, mmol/dL, mean (SD) 2.5 (1.8) 2.3 (1.8) 3.8 (2.9) <0.001""",7
Accuracy of Sepsis Screening Score for Mortality Prediction at ED Triage,2022,Patients stratified by 28-day mortality,550,,,28-day intubation free day,Non-survivors had significantly fewer 28-day intubation free days compared to survivors.,,,<0.001,"28-day intubation free day, day 28 (8.1) 28 (2.2) 4 (3.1) <0.001",8
Accuracy of Sepsis Screening Score for Mortality Prediction at ED Triage,2022,,,,,28-day mortality,NEWS demonstrates a higher performance than the SOS score and qSOFA in predicting adverse outcomes of sepsis.,,"0.770 (0.705, 0.835)",,"NEWS also demonstrates a higher performance than the SOS score, which necessitates information not available in the triage area.",9
Accuracy of Sepsis Screening Score for Mortalit,2022,,,sepsis-related,NEWS,28-day mortality,NEWS was superior to ESI in predicting sepsis-related 28-day mortality.,,,,our findings support the use of NEWS as a screening tool in ED triage.,10
Prediction at ED Triage,2022,,,,,28-day mortality,"The National Early Warning Score outperforms qSOFA, SOS, SIRS, and ESI triage scores in predicting 28-day mortality.",,0.7625,,The score has the highest sensitivity (90%) and specificity (25%) for activating sepsis alarms.,11
Accuracy of Sepsis Screening Score for Mortality Prediction at ED Triage,2022,,,,,,,,,,,12
Suttapanit_2022,,,,,,,,,,,,13
Suttapanit_2022,,,,,,,,,,,,14
Association of mean corpuscular volume with 28-day mortality in sepsis patients: A retrospective cohort study using eICU data,2025,sepsis patients,,,mean corpuscular volume (MCV),28-day mortality,,,,,The objective of this study was to investigate the relat,0
Association of mean corpuscular volume with 28-day mortality in sepsis patients,2025,patients with sepsis,9415,sepsis,mean corpuscular volume (MCV),28-day mortality,There is a non-linear positive correlation between MCV and 28-day risk of death in patients with sepsis.,1.11,,0.04,"the odds ratio (OR) for 28-day mortality was 1.11 (95% CI 1.01, 1.23, P=0.04) increased followed by each 1 fl increase in MCV.",1
Tang_2025,,Chinese patients,,,MCV,mortality,A lower MCV (less than 94 fl) was associated with an elevated risk of mortality in Chinese patients with kidney failure.,,,,a lower MCV (less than 94 fl) was associated with an elevated risk of mortality,2
Association of mean corpuscular volume with 28-day mortality in sepsis patients,2025,patients with sepsis,,,MCV,28-day mortality risk,This study employed a comprehensive multicentre critical care dataset to investigate the correlation between MCV and the 28-day mortality risk in patients with sepsis.,,,,this study employed a comprehensive multicentre critical care dataset from the Philips eICU database to investigate the correlation between MCV and the 28-day mortality risk in patients with sepsis.,3
Tang_2025,,patients with an initial diagnosis of sepsis,,,mean corpuscular volume (MCV),patient prognosis,MCV may be disturbed and is an indicator of homeostasis,,,,This retrospective observational study included all patients with an initial diagnosis of sepsis based on International Classification of Diseases (ICD) codes,4
Association of mean corpuscular volume with 28-day mortality in sepsis patients,2025,patients with sepsis,,,mean corpuscular volume (MCV),28-day mortality in ICU,,,,,"The exposure variable was MCV, with the primary outcome being 28-day mortality in ICU.",5
Association of mean corpuscular volume with 28-day mortality in sepsis patients,2025,sepsis patients,,,MCV,28-day mortality,"The association between MCV and 28-day mortality was explored through various models, indicating a significant relationship.",,,<0.05,Model II was deemed to be significantly superior to Model I.,6
Tang_2025,,patients with severe sepsis,"n = 2343 (Q1), n = 2317 (Q2), n = 2384 (Q3), n = 2371 (Q4)",severe sepsis,MCV,28-day mortality,The odds ratio for 28-day mortality was 1.11 for each 1 fl increase in MCV in Model II.,1.11,,0.04,"the odds ratio for 28-day mortality was 1.11 (95% CI 1.01, 1.23; P = 0.04) for each 1 fl increase in MCV.",7
Association of mean corpuscular volume with 28-day mortality in sepsis patients,2025,sepsis patients,9415,,mean corpuscular volume (MCV),28-day mortality,A significant non-linear relationship between MCV levels and 28-day mortality was observed.,1.04,,0.040,"The highest risk of 1.04 was found in the age group of 15–59 years (95% CI: 1.02,1.05).",8
Association of mean corpuscular volume with 28-day mortality in sepsis,2025,,2297,,Mean Corpuscular Volume,ICU 28-day mortality,Higher mean corpuscular volume is associated with increased ICU 28-day mortality in sepsis patients.,,,<0.001,"""ICU 28-day mortality 0.001 No 2146 (91.59%)... Yes 197 (8.41%)""",9
Association of mean corpuscular volume with 28-day mortality in sepsis patients,2025,sepsis patients,9414,,MCV,28-day mortality,An increase in MCV is associated with an increased risk of 28-day mortality in sepsis patients.,"1.12(1.05,1.19)",,<0.001,"""increase in the 28-day risk of death was observed with""",10
Association of mean corpuscular volume with 28-day mortality in sepsis patients,2025,ICU patients with sepsis,,,MCV,28-day mortality,"A threshold, nonlinear association between MCV and 28-day mortality was found in a generalized additive model (GAM).",1.10,,0.004,"A threshold, nonlinear association between MCV and 28-day mortality was found in a generalized additive model (GAM).",11
Tang_2025,,septic patients,"9,415",systemic inflammatory response syndrome secondary to infection,MCV,28-day mortality,Each 1 fl increase in MCV below the threshold of 83 fl was associated with a 10% rise in 28-day mortality risk.,1.10,,0.004,"the key finding revealed below the MCV threshold of 83 fl, each 1 fl increase was associated with a 10% rise in 28-day mortality risk (OR 1.10, 95% CI 1.02–1.17, P=0.004)",12
Association of mean corpuscular volume with 28-day mortality in sepsis patients,2025,patients with sepsis,,,mean corpuscular volume (MCV),28-day mortality,MCV may provide independent prognostic information from the perspectives of red blood cell metabolism and chronic inflammation.,,,,MCV may provide independent prognostic information from the perspectives of red blood cell metabolism and chronic inflammation.,13
Tang_2025,,critically ill patients,,sepsis,MCV,28-day mortality,MCV retains significant incremental predictive value even after adjusting for lactate.,,,,we found that MCV retains significant incremental predictive value even after adjusting for lactate.,14
Association of mean corpuscular volume with 28-day mortality in sepsis patients,2025,U.S. populations,"9,415",sepsis,mean corpuscular volume (MCV),28-day mortality,"non-linear association between mean corpuscular volume (MCV) and 28-day mortality, with a critical threshold at 83 fl",,,,"this multicenter retrospective cohort study involving 9,415 sepsis patients identifies a non­ linear association between mean corpuscular volume (MCV) and 28-day mortality",15
Tang_2025,,,,,MCV,28-day mortality,Relationship between MCV and 28-day mortality when adjusted for sepsis subtypes.,,,,Relationship between MCV and 28-day mortality when adjusted for sepsis subtypes.,16
Association of mean corpuscular volume with 28-day mortality in sepsis patients,2025,,,,,,,,,,PLOS ONE Association of mean corpuscular volume with 28-day mortality in sepsis patients,17
Hematologic system dysregulation in critically ill septic patients with anemia-A retrospective cohort study,2022,critically ill septic patients with anemia,,,,,,,,,"Czempik PF, Herzyk J, Wilczek D, Krzych ŁJ. Hematologic system dysregulation in critically ill septic patients with anemia-A retrospective cohort study.",18
Systemic inflammation and sepsis. Part I: storm formation,2020,unselected outpatients,,systemic inflammation and sepsis,red blood cell distribution width,inflammatory biomarkers,Relation between red blood cell distribution width and inflammatory biomarkers,,,,Relation between red blood cell distribution width and inflammatory biomarkers in a large cohort of unselected outpatients.,19
Association of mean corpuscular volume with 28-day mortality in sepsis patients,2025,sepsis patients,,,mean corpuscular volume,28-day mortality,,,,,Association of mean corpuscular volume with 28-day mortality in sepsis patients,20
Predictive factors of mortality in open abdomen for abdominal sepsis: a retrospective cohort study on 113 patients,2021,Patients with abdominal sepsis requiring open abdomen,113,abdominal sepsis,,mortality,"APACHE II score, Frailty Clinical Scale, and ASA grade IV were significantly associated with mortality.",1.18; 4.66; 7.86,,0.005; < 0.0001; 0.002,"At multivariate analysis, APACHE II score (OR 1.18; 95% CI 1.05–1.32; p = 0.005), Frailty Clinical Scale (OR 4.66; 95% CI 3.19–6.12; p < 0.0001) and ASA grade IV (OR 7.86; 95% CI 2.18–28.27; p = 0.002) were significantly associated with mortality.",0
Tartaglia_2021,,patients with abdominal sepsis,,abdominal sepsis,,"perioperative mortality, overall morbidity and definitive fascial closure rates","The present study aimed to evaluate postoperative outcomes of patients with abdominal sepsis treated with OA mainly in terms of perioperative mortality, overall morbidity and definitive fascial closure rates and to identify potential predictive factors of perioperative mortality.",,,,"The present study aimed to evaluate postoperative outcomes of patients with abdominal sepsis treated with OA mainly in terms of perioperative mortality, overall morbidity and definitive fascial closure rates and to identify potential predictive factors of perioperative mortality.",1
Updates in Surgery (2021) 73:1975–1982,2021,Patients undergoing OA with a diagnosis of abdominal sepsis and/or septic shock,,"abdominal sepsis (secondary or tertiary generalized peritonitis, septic shock)",,,,,,,"All patients undergoing OA with a diagnosis of abdominal sepsis (i.e., secondary or tertiary generalized peritonitis due to intestinal perforation, intestinal infarction, necrotizing infected acute severe pancreatitis, multiple abdominal abscesses) and/or septic shock in a single academic center from 2010 to 2019 were reviewed.",2
Tartaglia_2021,,,,,,,,,,,"Patient data and follow‑up Data collected for each patient included gender, age, Body Mass Index, comorbidities, clinical and prognostic scores such as American Society of Anesthesiologists (ASA) score, Charlson Age-Comorbidity (CaCI) Index, Acute Physiology And Chronic Health Evaluation II (APACHE II), time to surgery (in hours), Frailty Clinical Scale, and Mannheim Peritonitis Index (MPI).",3
Updates in Surgery (2021) 73:1975–1982,2021,Patients operated for severe abdominal sepsis,113,severe abdominal sepsis,,mortality,"Comorbidities were present in 96.1% of patients, with arterial hypertension being the most common.",,,< 0.05,"""On 1474 patients operated for severe abdominal sepsis, 113 patients (7.6%) were analyzed.""",4
Tartaglia_2021,,Patients with open abdomen (OA),113,multiorgan failure due to sepsis,,mortality,"Overall mortality was 43.4%, with 41% of deaths due to multiorgan failure from sepsis.",,,0.02,The overall mortality was 43.4%... causes of death were... multiorgan failure due to sepsis (41%),5
Updates in Surgery (2021),2021,,,,,30-day reintervention rate,The 30-day reintervention rate was 21.5%.,,,,30-day reintervention rate was 21.5%.,6
Tartaglia_2021,,patients undergoing OA for septic shock due to abdominal diseases,64,septic shock,,perioperative mortality,"APACHE II, Frailty Clinical Scale, and ASA score IV could be considered as predictive factors for mortality in patients undergoing OA for septic shock due to abdominal diseases.",1.18,,< 0.05,"""APACHE II, Frailty Clinical Scale, and ASA score IV could be considered as predictive factors for mortality in patients undergoing OA for septic shock due to abdominal diseases.""",7
Tartaglia_2021,2021,,113,Multiorgan failure due to sepsis,,Perioperative mortality,Overall 20/49 (41) of patients died due to multiorgan failure caused by sepsis.,,,,Multiorgan failure due to sepsis Overall 20/49 (41),8
Updates in Surgery (2021),2021,Patients undergoing surgery,113,,,Overall complication rate,The high overall complication rate (76.6%) found in our series represents one of the critical factors,,,,The high overall complication rate (76.6%) found in our series represents one of the critical factors,9
Tartaglia_2021,,septic patients,402,abdominal sepsis,,mortality rate,lower mortality rate during the condition of open abdomen rather than after definitive fascial closure,,,0.02,we observed a lower mortality rate during the condition of open abdomen rather than after definitive fascial closure (40.8% vs. 59.2%; p = 0.02),10
Tartaglia_2021,,,,,,mortality,"Three variables independently associated with mortality were identified: APACHE II score, Frailty Clinical Scale, and ASA score IV.","APACHE II score (OR 1.18; 95% CI 1.05–1.32; p = 0.005), Frailty Clinical Scale (OR 4.66; 95% CI 3.19–6.12; p < 0.0001), ASA score IV (OR 7.86; 95% CI 2.18–28.27; p = 0.002)",,"p = 0.005, p < 0.0001, p = 0.002","""Univariate and multivariate analysis revealed three variables independently associated with mortality: APACHE II score (OR 1.18; 95% CI 1.05–1.32; p = 0.005), Frailty Clinical Scale (OR 4.66; 95% CI 3.19–6.12; p < 0.0001) and an ASA score IV (OR 7.86; 95% CI 2.18–28.27; p = 0.002).""",11
Updates in Surgery (2021),2021,critically ill patients undergoing open abdomen for severe abdominal sepsis,,severe abdominal sepsis,,postoperative mortality and overall complication rates,"APACHE II score, Frailty Clinical Scale and ASA class IV have been recognized as the only independent predictive factors of mortality.",6.74,,< 0.0001,"APACHE II score, Frailty Clinical Scale and ASA class IV have been recognized as the only independent predictive factors of mortality.",12
Tartaglia_2021,,,,,,,,,,,,13
Tartaglia_2021,,,,,,,,,,,,14
Tartaglia_2021,,gastrointestinal fistula patients,,severe sepsis,,improved outcomes,Early enteral nutrition improves outcomes of open abdomen in gastrointestinal fistula patients complicated with severe sepsis.,,,,Early enteral nutrition improves outcomes of open abdomen in gastrointestinal fistula patients complicated with severe sepsis.,15
Tartaglia_2021,,,,,,,,,,,,16
A multicentre prospective registry of one thousand sepsis patients admitted in Indian ICUs: (SEPSIS INDIA) study,2024,adult patients admitted to the Intensive Care Unit,1172,sepsis and septic shock,,clinical outcome,Large epidemiological studies in sepsis using Sepsis-3 criteria are scarce in India.,,,,Registry Data of 1172 patients with sepsis (including 500 patients with septic shock) were analysed.,0
Todi_2024,2024,patients with community-acquired infections,1172,community-acquired sepsis,,hospital mortality,The mortality of sepsis cohort was higher (36.3%) but septic shock mortality (50.8%) was comparable to Western population.,,,,"The observed hospital mortality for the entire cohort (n = 1172) was 36.3%, for those without shock (n = 672) it was 25.6% and for those with shock (n = 500) it was 50.8%.",1
Todi et al. Critical Care (2024),2024,Indian population,large,sepsis and septic shock,,adverse outcomes during hospital stays,The study aimed to contribute to existing literature and identify clinical practice variability and areas of further research on sepsis.,,,,"We conducted a multicentre, prospective study on sepsis using a sepsis registry with a large sample size using Sepsis 3 criteria to define sepsis and septic shock admitted to the ICU.",2
Todi_2024,,adult patients (aged > 18 years) admitted to ICU,,sepsis and septic shock,SOFA score,hospital discharge or death,,,,,"Patients less than 18 years of age, those with no suspicion of infection, SOFA scores of less than two, and, those infected with SARS-COV-2 were excluded from the study.",3
Todi_2024,2024,patients entered into the registry,,Gram negative infection,SOFA score,poor outcome,The SOFA score on admission was a comparatively better predictor of poor outcome.,,,,The SOFA score on admission was a comparatively better predictor of poor outcome.,4
Todi_2024,,,117,,,death,Goodness of fit model showed an accuracy rate of 89.4%.,,,0.428,"Goodness of fit model showed an accuracy rate of 89.4%. Moreover, the Hosmer and Lemeshow Test, with a p-value of 0.428, suggested that the model adequately fit the data.",5
Todi_2024,,ICU patients,1172,sepsis and septic shock,SOFA score,hospital mortality rate,SOFA score exhibited a significantly higher Area under the curve (AUC) of 0.768 as opposed to qSOFA and SIRS of 0.70 and 0.54 respectively.,,0.768,< 0.001,"""The observed hospital mortality rate of the study cohort (n = 1172), for sepsis without shock (n = 672), and for septic shock (n = 500), was 36.3%, 25.6% and 50.8% (p < 0.001) respectively.""",6
Todi_2024,2024,,,,,poor outcomes,"Certain clinical variables like septic shock, and clinical features of hypoperfusion were also associated with worse outcomes.",,,,"Certain clinical variables like septic shock, and clinical features of hypoperfusion were also associated with worse outcomes.",7
Todi_2024,,Patients with sepsis and septic shock,1172,Sepsis and septic shock,,Unadjusted hospital mortality,Unadjusted hospital mortality in patients infected with carbapenem resistant organism was 31% as opposed to 21% in patients infected with carbapenem sensitive organism.,,,,Unadjusted hospital mortality in patients infected with carbapenem resistant organism was 31% as opposed to 21% in patients infected with carbapenem sensitive organism.,8
Todi_2024,2024,Total cohort,1172,Septic shock and sepsis without shock,,Hospital mortality,Observed hospital mortality was significantly higher in septic shock patients compared to those with sepsis without shock.,,,< 0.001,Observed hospital mortality 36.34%(n = 426) 50.8%(n = 254) 25.6 (172) < 0.001,9
Todi_2024,2024,All,1172,,Lactate level 1 h value (mmol/l),In Hospital death,Higher lactate levels are associated with in-hospital death.,,,< 0.001,"Lactate level 1 h value (mmol/l) (median [IQR]) 2.30 [1.40, 3.90] 2.10 [1.30, 3.35] 2.76 [1.60, 4.72] < 0.001",10
Todi_2024,,,,,,Clinical improvement,Clinical improvement was significantly higher in one group compared to another.,,,< 0.001,"""Clinical improvement (%) 628 (53.6) 610 (81.8) 18 (4.2) < 0.001""",11
Todi et al. Critical Care (2024) 28:375,2024,Patients with sepsis,1172,"Tropical infections (Dengue, Malaria, Typhus)",,Hospital mortality,"Hospital mortality was 3.13%, much lower than the general septic cohort.",,,< 0.001,"Hospital mortality 3.13%, much lower than the general septic cohort",12
Todi et al.,2024,sepsis and septic shock patients,,sepsis and septic shock,intravenous thiamine,hospital mortality,Intravenous thiamine was identified as an independent factor for improved survival.,0.291 (0.196–0.587),,,"Conversely, independent factors for improved survival included... the use of intravenous thiamine",13
Todi_2024,,ICU population in India,1368,sepsis,,ICU mortality,"ICU mortality in the subset of 1368 sepsis patients was 32.9%, and it was 53.4% with septic shock.",,,,"In a recent multicentre observational study of ICU population in India, the INDICAP-II study, ICU mortality in the subset of 1368 sepsis patient was 32.9%, and it was 53.4% with septic shock.",14
Todi_2024,,sepsis and septic shock patients,,sepsis and septic shock,"SOFA, qSOFA, SIRS",hospital mortality,"Our study cohort had AUCs of 0.54, 0.70 and 0.76 for SIRS, qSOFA and SOFA respectively for hospital mortality.",,"0.54, 0.70, 0.76",,"Dataset from the Sepsis-3 consensus definition has reported AUCs of SIRS, qSOFA and SOFA as 0.64, 0.66 and 0.75 respectively, for hospital mortality.",15
Todi_2024,2024,,,,low serum albumin,mortality,Low serum albumin is an independent predictor of mortality in sepsis.,,,,Low serum albumin as an independent predictor of mortality is a meani,16
Todi_2024,,,19,,intravenous thiamine,improved survival,The independent use of intravenous thiamine has been significantly associated with improved survival in our study.,,,,"Interestingly, the independent use of intravenous thiamine has been significantly associated with improved survival in our study.",17
Todi_2024,,patients admitted to the ICU,more than 1000,Sepsis and septic shock,,ICU and hospital mortality,The large sample size strengthens the associations observed in the study.,,,,The large sample size strengthens these associations.,18
Todi_2024,2024,patients with sepsis admitted to ICUs in India,more than 1000,sepsis and septic shock,,hospital mortality,"Hospital mortality was 25% and 50% in sepsis and septic shock respectively, which was higher than that reported in Western studies.",,SOFA score was the best predictive score for hospital mortality.,,"This large registry was a multicentre, prospective study on a cohort of more than 1000 patients with sepsis admitted to ICUs in India according to sepsis 3 criteria of sepsis and septic shock.",19
Todi_2024,,,,,,,,,,,,20
Todi_2024,,,,,,,,,,,Funding Educational Grant from Pfizer Ltd.,21
Todi_2024,,,,,,,,,,,,22
Todi_2024,,,,,,,,,,,,23
Causes and outcomes of sepsis in southeast Asia: a multinational multicentre cross- sectional study,2017,,,,,,,,,,Causes and outcomes of sepsis in southeast Asia: a multinational multicentre cross- sectional study.,24
"Comparison of systemic inflammatory response syndrome, sequential organ failure assessment, and quick sequential organ failure assessment scores to predict mortality in sepsis",2022,adults with suspected infection admitted to the intensive care unit,,,,in-hospital mortality,,,,,"Comparison of systemic inflammatory response syndrome, sequential organ failure assessment, and quick sequential organ failure assessment scores to predict mortality in sepsis.",25
Todi_2024,,,,,,,,,,,,26
Predicting Mortality in Sepsis: The Role of Dynamic Biomarker Changes and Clinical Scores—A Retrospective Cohort Study,2024,,,,,,,,,,,0
Varga_2024,,patients with severe infections,138,,"procalcitonin (PCT), C-reactive protein (CRP), lactate (LAC)",30-day mortality,The baseline LAC and SOFA score were significantly associated with 30-day mortality.,,,,The baseline LAC and SOFA score were significantly associated with 30-day mortality.,1
Varga_2024,2024,,,severe infections,"CRP, PCT, LAC",30-day mortality,"The dynamic changes in these inflammatory biomarkers, particularly PCT, CRP, and LAC, offer valuable prognostic information beyond their baseline levels in predicting 30-day mortality in severe infections.",,"0.903 for CRP_Delta, 0.843 for PCT_Delta, 0.703 for LAC_Delta",,"The dynamic changes in these inflammatory biomarkers, particularly PCT, CRP, and LAC, offer valuable prognostic information beyond their baseline levels in predicting 30-day mortality in severe infections.",2
Varga_2024,,,,,"PCT, CRP, LAC",30-day mortality,The measurement of these biomarkers might hold significant potential as prognostic indicators in sepsis.,,,,"our study aimed to investigate the prognostic value of PCT, CRP, and LAC in patients with severe infections.",3
Varga_2024,2024,adult patients (aged > 18 years) fulfilling Sepsis-3 criteria,138,,"procalcitonin (PCT), C-reactive protein (CRP), lactate (LAC)",,,,,,The study population consisted of 138 adult patients (aged > 18 years) who fulfilled the Sepsis-3 criteria as defined by Singer et al. in 2015.,4
Varga_2024,,,,,"Procalcitonin, C-reactive protein, Lactate",30-day mortality,,,,,"The primary outcome of interest was 30-day mortality, assessed through follow-up at 30 days post-admission, with outcome coded as 0 for survival (S) and 1 for non-survival (NS).",5
Varga_2024,,patients with sepsis,138,,"lactate, Neutrophil-to-Lymphocyte Ratio (NLR)",survivors vs non-survivors,Non-survivors displayed significantly higher lactate levels and a higher Neutrophil-to-Lymphocyte Ratio compared to survivors.,,,< 0.05,"the non-survivors displayed significantly higher lactate levels (median 3.37 mmol/L vs. 2.71 mmol/L, p < 0.05) and a higher Neutrophil-to-Lymphocyte Ratio (NLR) (median 9.4 vs. 7.58, p < 0.05) compared to the survivors.",6
Varga_2024,,sepsis patients,,,"Procalcitonin (PCT), C-reactive protein (CRP), Lactate (LAC)",survival,"Larger decreases in the levels of PCT, CRP, and LAC over the first 72 h are associated with improved survival in sepsis patients.",,,,the median decrease in PCT level was more pronounced in the survivors (−45.02%) compared to the non-survivors (−17.24%),7
Varga_2024,,Overall Population,144,,"PCT, CRP, LAC",Survivors vs Non-Survivors,Significant differences in biomarker dynamics between survivors and non-survivors were observed.,,,0,"Significant differences (p < 0.05) were observed for age, CCI, NLR, PCT_Delta, CRP_Delta, LAC_Base, LAC_Delta, and SOFA_B",8
Varga_2024,,,,,"PCT_Delta, CRP_Delta",,The significant p-values for the PCT_Delta and CRP_Delta underscored the strong association between the changes in these biomarkers and the outcome.,,,,the significant p-values for the PCT_Delta and CRP_Delta underscored the strong association between the changes in these biomarkers and the outcome.,9
Varga_2024,,,,,"Charlson Comorbidity Index, Neutrophil-to-Lymphocyte Ratio, baseline lactate level, baseline SOFA score",30-day mortality,"Charlson Comorbidity Index, NLR, baseline lactate level, and baseline SOFA score were significant predictors of mortality.","31.6% increase for CCI, 47% increase for NLR, more than doubling for lactate, 73.5% increase for SOFA",,,"""the Charlson Comorbidity Index (CCI), Neutrophil- to-Lymphocyte Ratio (NLR), baseline lactate level (LAC_Base), and baseline SOFA score (SOFA_Base) were significant predictors of mortality.""",10
Varga_2024,,,,,"PCT, CRP, LAC",30-day mortality,"Decreases in the PCT, CRP, and LAC levels were significantly associated with a reduced 30-day mortality.","0.948, 0.762, 0.887",,,"the odds of 30-day mortality decreased. This is reflected in the odds ratios of 0.948, 0.762, and 0.887, respectively.",11
Varga_2024,2024,,,,"PCT, CRP, LAC",mortality,Observing changes in biomarkers over time provides a more accurate assessment of a patient’s risk of mortality compared to relying solely on their initial levels.,,0.762,,"""observing the changes in these biomarkers over time provides a more accurate assessment of a patient’s risk of mortality compared to relying solely on their initial levels.""",12
Varga_2024,,,,,Neutrophil-to-Lymphocyte Ratio (NLR),30-day mortality,The median NLR was significantly higher in the non-survivors (9.4) compared to survivors (7.58).,,,,The median NLR was significantly higher in the non-survivors (9.4) compared to survivors (7.58).,13
Varga_2024,,,,bacterial sepsis,"PCT, CRP, lactate",mortality,A reduction in PCT levels over time is associated with better survival.,,,,"""Our observation that a reduction in PCT levels over time is associated with better survival aligns with the findings of Poddar et al.""",14
Varga_2024,,,,,"PCT, CRP, LAC",survival,Moderate positive correlation between PCT and CRP levels; decreasing levels associated with higher probability of survival.,,,p < 0.001,"The assessment of the correlations between the baseline biomarkers in our study revealed a moderate positive correlation between the PCT and CRP levels (rho = 0.451, p < 0.001)",15
Varga_2024,2024,,,,"PCT, CRP, LAC",30-day mortality,"The present study underscores the superior prognostic value of dynamic changes in inflammatory biomarkers, particularly in PCT, CRP, and LAC levels.",,,,"The present study underscores the superior prognostic value of dynamic changes in inflammatory biomarkers, particularly in PCT, CRP, and LAC levels.",16
Varga_2024,2024,,,,LAC,30-day mortality,"The decline in these biomarkers over the initial 72 h of hospitalization emerged as a robust indicator of improved survival, independent of other clinical and laboratory parameters.",,,,"The decline in these biomarkers over the initial 72 h of hospitalization emerged as a robust indicator of improved survival, independent of other clinical and laboratory parameters.",17
Varga_2024,,,,,,,,,,,,18
C-reactive protein and procalcitonin during course of sepsis and septic shock,2024,,,,"C-reactive protein, procalcitonin",,,,,,C-reactive protein and procalcitonin during course of sepsis and septic shock.,19
Procalcitonin kinetics as a prognostic marker in severe sepsis/septic shock,2015,,,severe sepsis/septic shock,procalcitonin,,,,,,Procalcitonin kinetics as a prognostic marker in severe sepsis/septic shock.,20
Serial Procalcitonin Predicts Mortality in Severe Sepsis Patients: Results From the Multicenter Procalcitonin MOnitoring SEpsis (MOSES) Study,2017,severe sepsis patients,,severe sepsis,Procalcitonin,mortality,Procalcitonin decrease over 72 hours predicts fatal outcome in sepsis patients.,,,,"""Serial Procalcitonin Predicts Mortality in Severe Sepsis Patients""",21
Varga_2024,,,,,,,,,,,a contained in all publications are solely those of the individual author(s) and contributor(s) and not of MDPI and/or the editor(s).,22
"The Prevalence, Risk Factors, and Outcomes of Sepsis in Critically Ill Patients in China: A Multicenter Prospective Cohort Study",2020,Critically Ill Patients in China,,,,,,,,,"The Prevalence, Risk Factors, and Outcomes of Sepsis in Critically Ill Patients in China: A Multicenter Prospective Cohort Study",0
Wang_2020,,critically ill patients,,sepsis,,,"The epidemiology of sepsis in high-income countries is well-known, but information on sepsis in middle- or low-income countries is still deficient, especially in China.",,,,"The epidemiology of sepsis in high-income countries is well-known, but information on sepsis in middle- or low-income countries is still deficient, especially in China.",1
Wang_2020,,critically ill patients in tertiary hospitals in China,"4,910",sepsis or septic shock,,ICU mortality,Sepsis was common and was associated with a high mortality rate in critically ill patients in tertiary hospitals in China.,0.65,,,"The prompt administration of antibiotics (OR 0.65, 95% CI 0.46–0.92) and 30 mL/kg of initial fluid resuscitation during the first 3 h (OR 0.43, 95% CI 0.30–0.63) improved the outcome in patients with septic shock.",2
Wang_2020,,patients with sepsis,,septic shock,,mortality rate,"The prevalence of sepsis was 30.8%, with a 75.9% mortality rate in patients with septic shock in Turkey.",,,,"a multicenter point-prevalence study in Turkey showed that the prevalence of sepsis was 30.8%, with a 75.9% mortality rate in patients with septic shock",3
Wang_2020,,critically ill patients,,,,,,,,,"The CCCST was a prospective multicenter observational cohort study designed to assess the prevalence, characteristics, risk factors, and short- and long-term outcomes in critically ill patients in 18 ICUs in 16 tertiary hospitals in 7 geographical regions from 1 January 2014 to 31 August 2015.",4
Wang_2020,2020,,,Community-acquired sepsis; Hospital-acquired sepsis,,ICU mortality,,,,,The primary outcome was ICU mortality and...,5
Wang_2020,,,"14,604",catheter-related sepsis,,ICU mortality,,,,< 0.05,Multivariable stepwise logistic regression analysis was used to explore the risk factors for ICU mortality in patients with sepsis or septic shock.,6
Wang_2020,,ICU patients,4910,sepsis and septic shock,,mortality rates,Patients with sepsis had higher ICU and in-hospital mortality rates than those who did not develop sepsis.,,,,Patients with sepsis were more likely to have higher ICU (27.2 vs. 9.5%) and in-hospital (33.0 vs. 13.1%) mortality rates than those who did not develop sepsis.,7
Sepsis in China,2020,patients with sepsis,4910,hospital-acquired sepsis and community-acquired sepsis,,"higher sub-SOFA scores, AKI, ARDS",Patients with hospital-acquired sepsis were more likely to have higher sub-SOFA scores and AKI but less likely to have ARDS compared to those with community-acquired sepsis.,,,,Patients with hospital-acquired sepsis were more likely to have higher sub-SOFA scores in any organ (except the kidneys and CNS) and more likely to have AKI (45.1 vs. 39.1%) but less likely to have ARDS (37.3 vs. 49.4%) than those with community-acquired sepsis.,8
Wang_2020,,Patients with septic shock,,Septic shock,,Mortality,"Non-survivors were older, received more MV and RRT, had a longer length of hospital stay, and were more likely to have ARDS and AKI than the survivors.",,,,"Among the patients with septic shock, the non-survivors were older, received more MV and RRT, had a longer length of hospital stay, and were more likely to have ARDS and AKI than the survivors.",9
Wang_2020,,patients with sepsis,,septic shock,,ICU mortality,The ICU mortality rates were 27.2% in patients with sepsis and 9.5% in those without sepsis.,,,,"The ICU mortality rates were 27.2% in patients with sepsis and 9.5% in those without sepsis; the in-hospital mortality rates were 33.0 vs. 13.1%, respectively.",10
Sepsis in China,2020,patients with sepsis,2086,septic shock,,ICU mortality,Patients with septic shock had a nearly 3-fold increased risk of mortality than those without shock.,2.92,,,"Patients with septic shock had a nearly 3-fold increased risk of mortality than those without shock (OR 2.92, 95% CI 2.04–4.17, Table 7).",11
Wang_2020,,Chinese ICUs in tertiary hospitals,,septic shock,,in-hospital mortality,The in-hospital mortality in those patients with septic shock was as high as 44.4%.,,,,this large-scale multicenter prospective cohort study showed a high prevalence of sepsis in Chinese ICUs in tertiary hospitals.,12
Wang_2020,2020,patients with sepsis,2086,sepsis and septic shock,,ICU and in-hospital mortality rates,The ICU mortality rate was 27.2% for sepsis patients and 39.0% for septic shock patients.,,,,"the overall ICU and in-hospital mortality rates were 17.0 and 21.5%, respectively.",13
Wang_2020,,,1134,septic shock,,Administration of antibiotics within 1 h of sepsis or septic shock onset,Patients who received antibiotics within 1 hour of sepsis onset had a higher percentage of survivors compared to non-survivors.,,,< 0.001,"Antibiotics within 1 h, n (%) 387 (55.9) 218 (49.3) 0.030",14
Wang_2020,2020,patients with sepsis,,hospital-acquired sepsis and community-acquired sepsis,,mortality,We did not find that hospital-acquired sepsis was associated with significantly increased mortality.,,,,we did not find that hospital-acquired sepsis was associated with significantly increased mortality,15
Wang_2020,,Patients with sepsis,"1,407",,,ICU mortality,Initial antibiotic administration within 1 h of the onset of sepsis decreased ICU mortality by 42% in patients with sepsis.,0.58,,,"""initial antibiotic administration within 1 h of the onset of sepsis decreased ICU mortality by 42% in patients with sepsis (OR 0.58, 95% CI: 0""",16
Sepsis in China,2020,septic shock patients,,septic shock,,ICU mortality,early effective fluid resuscitation decreased ICU mortality by more than half,0.43,,,"early effective fluid resuscitation decreased ICU mortality by more than half in septic shock patients (OR 0.43, 95% CI: 0.30–0.63)",17
Wang_2020,,critically ill patients in tertiary hospitals in China,2086,sepsis or septic shock,,ICU mortality,Age and APACHE II score are significant predictors of ICU mortality in patients with sepsis.,1.04 (1.03–1.05) for age; 1.16 (1.13–1.21) for APACHE II,,< 0.001,Multivariate logistic regression analysis of ICU mortality in patients with sepsis or septic shock.,18
Wang_2020,,Patients with septic shock,"1,134",septic shock,,mortality,Sepsis is common in critically ill patients in tertiary hospitals in China and is associated with increased mortality.,2.68 (1.84–3.92),,< 0.001,sepsis is common in critically ill patients in tertiary hospitals in China and is associated with increased mortality.,19
Sepsis in China,2020,,,,,ICU mortality,The initial administration of antibiotics within 1 h of sepsis onset and adequate fluid resuscitation decreased the risk of mortality.,,,,The initial administration of antibiotics within 1 h of sepsis onset and adequate ﬂuid resuscitation decreased the risk of mortality.,20
Wang_2020,,,,,,,,,,,,21
Wang_2020,,,,,,,,,,,,22
Wang et al. Sepsis in China point-prevalence study,2020,critically ill patients in China,,,,,,,,,Wang et al. Sepsis in China point-prevalence study.,23
Wang_2020,,,,,,,,,,,,24
"Incidence, organ dysfunction and mortality in severe sepsis: a Spanish multicenter study",2008,,,severe sepsis,,mortality,,,,,"Incidence, organ dysfunction and mortality in severe sepsis: a Spanish multicenter study.",25
"Neonatal sepsis of early onset, and hospital-acquired and community-acquired late onset: a prospective population-based cohort study",2018,,,,,,,,,,"Neonatal sepsis of early onset, and hospital-acquired and community-acquired late onset: a prospective population-based cohort study.",26
Wang_2020,2020,,,,,,,,,,"Copyright © 2020 Wang, Jiang, Zhu, Li, Du, Kang, Weng, Qin, Ma, Zhu, Wang, Zhan, Duan, Li, Sun, Cao, Ai, Li, Zhu, Jia, Zhou, He, Xi and China Critical Care Sepsis Trial (CCCST) workgroup.",27
One‑year mortality prediction for patients with sepsis: a nomogram integrating lactic dehydrogenase and clinical characteristics,2023,sepsis patients,1983,,lactic dehydrogenase (LDH),one-year mortality,LDH was associated with one-year mortality of sepsis patients,1.28,,,"The result found that LDH was associated with one-year mortality of sepsis patients [odds ratio = 1.28, 95% confidence interval (CI): 1.18–1.52].",0
Wang_2023,2023,sepsis patients,,,Lactic dehydrogenase (LDH),one-year mortality,"A prediction model based on LDH and clinical features was developed to predict one-year mortality risk of sepsis patients, surpassing the predictive ability of LDH alone as well as conventional SAPS II and SOFA scoring systems.",,0.750,,LDH level was related to the risk of one-year mortality in sepsis patients.,1
Wang_2023,2023,,,,LDH,prognostic factor for sepsis,LDH levels may serve as a prognostic factor for sepsis,,,,"the levels of LDH have also been observed to increase in accordance with the severity of the infection, suggesting that LDH levels may serve as a prognostic factor for sepsis",2
Wang_2023,,patients with sepsis,,severe infection requiring intensive care,LDH to albumin (LDH/ALB) ratio,one-year mortality,The study investigates the relationship between various myocardial enzymes and one-year mortality among patients with sepsis.,,,,the purpose of this study was to investigate the relationship between various myocardial enzymes and one-year mortality among patients with sepsis,3
Wang_2023,2023,patients aged < 18 years,,,,,,,,,"The demographic data about eligible patients were extracted from the MIMIC-III database: age (years), gender, ethnicity, marital status.",4
Wang_2023,,sepsis patients,,,,one-year survival status,,,,,The outcome was one-year survival status of sepsis patients after ICU admission.,5
Wang_2023,,sepsis patients,1983,,myocardial enzymes,one-year mortality,A prediction model combining myocardial enzymes and other predictors was established in predicting the one-year survival status of patients with sepsis.,,,< 0.05,"A total of 1,983 eligible patients were eventually included... A prediction model combining myocardial enzymes and other predictors was established in predicting the one-year survival status of patients with sepsis.",6
Wang_2023,2023,sepsis patients,1388,,LDH,one-year mortality,LDH was associated with the risk of one-year mortality among sepsis patients,1.28,,0.002,the result indicated that LDH was associated with the risk of one-year mortality among sepsis patients,7
Wang_2023,,patients with sepsis,,,LDH,one-year mortality,The established LDH-model has a better agreement between the predicted and actual outcomes of one-year mortality.,,0.750,,the predicted probability of one-year mortality was 0.886... which suggested a higher risk of one-year mortality and was consistent with the actual outcome of the patient.,8
Wang_2023,2023,sepsis patients,1388,,LDH,one-year mortality,LDH was associated with the risk of one-year mortality of sepsis patients.,,,< 0.001,the findings showed that LDH was associated with the risk of one-year mortality of sepsis patients.,9
Wang_2023,,,,,,,,,,,,10
Wang_2023,2023,,,,,,,,,< 0.001,"Z = -5.852 < 0.001 BUN, mg/dL, M (Q1, Q3) 31.50 (20.00, 51.00) 27.50 (18.00, 44.00) 35.00 (22.00, 57.00)",11
Wang_2023,,,1388,Septic shock,,Mortality,Patients with septic shock had a higher mortality rate compared to those without.,,,0.247,"Septic shock, n (%) χ2 = 1.338 0.247",12
Wang_2023,2023,patients with sepsis,,,LDH,one-year mortality,LDH level was found to be associated with the risk of the one-year mortality among patients with sepsis.,1.28,,0.005,"In our study, LDH level was found to be associated with the risk of the one-year mortality among patients with sepsis.",13
Wang_2023,2023,patients with sepsis,,,LDH,one-year mortality,The developed LDH-model might assist clinicians to further know the prognosis of patients suffering from sepsis.,,,,the proposed LDH-model might assist clinicians to further know the prognosis of patients suffering from sepsis,14
Wang_2023,2023,sepsis patients,,,LDH,one-year mortality risk,LDH level was associated with one-year mortality risk among patients with sepsis.,,,,the prediction model integrating LDH and clinical features also may have an acceptable accuracy in predicting one-year mortality risk in patients with sepsis.,15
Wang_2023,,,,,LDH,one-year mortality,The LDH-model showed an AUC of 0.773 in the training set and 0.750 in the testing set for predicting one-year mortality in sepsis patients.,,0.750,,"""LDH-model: a predicting model integrating LDH and clinical features... AUC (95%CI) 0.750 (0.711– 0.789)""",16
BMC Infectious Diseases,2023,,,,LDH,,,,0.525–0.636,,Calibration curves of prediction models in the training and testing sets.,17
Wang_2023,,,,,,,,,,,,18
New-Onset Atrial Fibrillation in Sepsis: A Narrative Review,2021,,,,,,,,,,New-Onset Atrial Fibrillation in Sepsis: A Narrative Review.,19
BMC Infectious Diseases,2023,,,,Lactate Dehydrogenase,severity and mortality of COVID-19,Elevated Lactate Dehydrogenase (LDH) level as an independent risk factor,,,,Elevated Lactate Dehydrogenase (LDH) level as an independent risk factor for the severity and mortality of COVID-19.,20
Mortality of Sepsis in Patients With Rheumatoid Arthritis: A Single-Center Retrospective Analysis and Comparison With a Control Group,2021,Patients with Rheumatoid Arthritis,,Sepsis,,Mortality,,,,,Mortality of Sepsis in Patients With Rheumatoid Arthritis: A Single-Center Retrospective Analysis and Comparison With a Control Group,21
Presepsin level in predicting patients’ in-hospital mortality from sepsis under sepsis-3 criteria,,patients diagnosed with sepsis under the sepsis-3 criteria,138,,presepsin,in-hospital mortality from sepsis,The study aimed to evaluate the effect of the presepsin level on predicting the prognosis of patients with sepsis.,,,< 0.05,We aimed to evaluate the effect of the presepsin level on predicting the prognosis of patients with sepsis under the sepsis-3 criteria.,0
Wen_2019,,,,,presepsin,in-hospital mortality from sepsis,Presepsin is a prognostic biomarker with high accuracy in predicting the prognosis of sepsis under the sepsis-3 criteria.,1.221,0.703,0.000,the presepsin level was an independent risk factor of patients’ in-hospital mortality from sepsis (OR =1.221 P=0.026),1
Wen_2019,2019,ICU patients diagnosed with sepsis,,,presepsin,prognosis of patients with sepsis,The prognostic performance of the presepsin level in patients with sepsis is uncertain.,,,,This study aimed to evaluate the efﬁcacy of the presepsin level in predicting the prognosis of patients with sepsis under the sepsis-3 criteria.,2
Wen_2019,,patients with sepsis,138,sepsis under the sepsis-3 criteria,presepsin,in-hospital mortality,,,,,"Overall 138 patients met the inclusion criteria, including 74 survivors",3
Wen_2019,,,64 non-survivors,sepsis,presepsin,in-hospital mortality,The presepsin level was a risk factor for patients’ in-hospital mortality from sepsis.,1.221,0.703,0.026,"Binary logistic regression showed that the presepsin level (Odds ratio (OR) =1.221, 95% confidence interval (CI): 1.024–1.455, P=0.026)",4
